date;EBEV_GWh;Dadj_GWh
02/01/2010;0.000050;0.000059
04/01/2010;0.000101;0.000118
06/01/2010;0.000050;0.000059
07/01/2010;0.000050;0.000059
08/01/2010;0.000050;0.000059
09/01/2010;0.000000;0.000000
10/01/2010;0.000000;0.000000
11/01/2010;0.000101;0.000118
12/01/2010;0.000101;0.000118
13/01/2010;0.000101;0.000118
14/01/2010;0.000101;0.000118
15/01/2010;0.000050;0.000059
16/01/2010;0.000050;0.000059
17/01/2010;0.000101;0.000118
18/01/2010;0.000101;0.000118
19/01/2010;0.000101;0.000118
20/01/2010;0.000050;0.000059
21/01/2010;0.000101;0.000118
22/01/2010;0.000101;0.000118
23/01/2010;0.000050;0.000059
24/01/2010;0.000050;0.000059
25/01/2010;0.000101;0.000118
26/01/2010;0.000101;0.000118
27/01/2010;0.000101;0.000118
28/01/2010;0.000101;0.000118
29/01/2010;0.000151;0.000177
30/01/2010;0.000050;0.000059
31/01/2010;0.000050;0.000059
01/02/2010;0.000101;0.000118
02/02/2010;0.000050;0.000059
03/02/2010;0.000101;0.000118
04/02/2010;0.000050;0.000059
06/02/2010;0.000000;0.000000
07/02/2010;0.000000;0.000000
08/02/2010;0.000101;0.000118
09/02/2010;0.000101;0.000118
10/02/2010;0.000050;0.000059
11/02/2010;0.000101;0.000118
12/02/2010;0.000101;0.000118
13/02/2010;0.000050;0.000059
14/02/2010;0.000050;0.000059
15/02/2010;0.000050;0.000059
16/02/2010;0.000101;0.000118
17/02/2010;0.000050;0.000059
18/02/2010;0.000101;0.000118
19/02/2010;0.000101;0.000118
20/02/2010;0.000050;0.000059
21/02/2010;0.000050;0.000059
22/02/2010;0.000101;0.000118
23/02/2010;0.000050;0.000059
24/02/2010;0.000101;0.000118
25/02/2010;0.000101;0.000118
26/02/2010;0.000101;0.000118
27/02/2010;0.000050;0.000059
28/02/2010;0.000050;0.000059
01/03/2010;0.000151;0.000177
02/03/2010;0.000151;0.000177
03/03/2010;0.000151;0.000177
04/03/2010;0.000151;0.000177
05/03/2010;0.000101;0.000118
07/03/2010;0.000000;0.000000
08/03/2010;0.000101;0.000118
09/03/2010;0.000151;0.000177
10/03/2010;0.000050;0.000059
11/03/2010;0.000101;0.000118
13/03/2010;0.000050;0.000059
14/03/2010;0.000050;0.000059
15/03/2010;0.000151;0.000177
16/03/2010;0.000101;0.000118
17/03/2010;0.000151;0.000177
18/03/2010;0.000151;0.000177
19/03/2010;0.000101;0.000118
20/03/2010;0.000101;0.000118
21/03/2010;0.000050;0.000059
22/03/2010;0.000151;0.000177
23/03/2010;0.000151;0.000177
24/03/2010;0.000101;0.000118
25/03/2010;0.000101;0.000118
26/03/2010;0.000151;0.000177
28/03/2010;0.000050;0.000059
29/03/2010;0.000151;0.000177
30/03/2010;0.000101;0.000118
31/03/2010;0.000151;0.000177
01/04/2010;0.000101;0.000118
02/04/2010;0.000101;0.000118
03/04/2010;0.000050;0.000059
04/04/2010;0.000000;0.000000
05/04/2010;0.000101;0.000118
06/04/2010;0.000101;0.000118
07/04/2010;0.000050;0.000059
08/04/2010;0.000101;0.000118
09/04/2010;0.000101;0.000118
10/04/2010;0.000050;0.000059
11/04/2010;0.000050;0.000059
12/04/2010;0.000050;0.000059
13/04/2010;0.000050;0.000059
14/04/2010;0.000101;0.000118
15/04/2010;0.000101;0.000118
16/04/2010;0.000050;0.000059
17/04/2010;0.000000;0.000000
18/04/2010;0.000050;0.000059
19/04/2010;0.000050;0.000059
20/04/2010;0.000101;0.000118
21/04/2010;0.000050;0.000059
22/04/2010;0.000101;0.000118
23/04/2010;0.000050;0.000059
24/04/2010;0.000000;0.000000
25/04/2010;0.000050;0.000059
26/04/2010;0.000101;0.000118
27/04/2010;0.000101;0.000118
28/04/2010;0.000101;0.000118
30/04/2010;0.000101;0.000118
01/05/2010;0.000050;0.000059
02/05/2010;0.000050;0.000059
06/05/2010;0.000101;0.000118
07/05/2010;0.000050;0.000059
08/05/2010;0.000050;0.000059
09/05/2010;0.000050;0.000059
10/05/2010;0.000101;0.000118
11/05/2010;0.000050;0.000059
12/05/2010;0.000050;0.000059
13/05/2010;0.000050;0.000059
14/05/2010;0.000101;0.000118
15/05/2010;0.000050;0.000059
16/05/2010;0.000000;0.000000
17/05/2010;0.000101;0.000118
18/05/2010;0.000101;0.000118
19/05/2010;0.000101;0.000118
20/05/2010;0.000101;0.000118
21/05/2010;0.000101;0.000118
22/05/2010;0.000050;0.000059
24/05/2010;0.000101;0.000118
25/05/2010;0.000050;0.000059
26/05/2010;0.000101;0.000118
27/05/2010;0.000050;0.000059
28/05/2010;0.000101;0.000118
29/05/2010;0.000000;0.000000
30/05/2010;0.000050;0.000059
31/05/2010;0.000050;0.000059
01/06/2010;0.000101;0.000118
02/06/2010;0.000101;0.000118
03/06/2010;0.000050;0.000059
04/06/2010;0.000101;0.000118
05/06/2010;0.000000;0.000000
06/06/2010;0.000000;0.000000
07/06/2010;0.000101;0.000118
08/06/2010;0.000101;0.000118
09/06/2010;0.000101;0.000118
10/06/2010;0.000101;0.000118
11/06/2010;0.000101;0.000118
12/06/2010;0.000050;0.000059
13/06/2010;0.000050;0.000059
14/06/2010;0.000151;0.000177
15/06/2010;0.000101;0.000118
16/06/2010;0.000101;0.000118
17/06/2010;0.000101;0.000118
18/06/2010;0.000101;0.000118
19/06/2010;0.000000;0.000000
21/06/2010;0.000101;0.000118
22/06/2010;0.000151;0.000177
23/06/2010;0.000101;0.000118
24/06/2010;0.000101;0.000118
25/06/2010;0.000050;0.000059
26/06/2010;0.000050;0.000059
27/06/2010;0.000101;0.000118
28/06/2010;0.000101;0.000118
29/06/2010;0.000050;0.000059
30/06/2010;0.000050;0.000059
01/07/2010;0.000151;0.000177
02/07/2010;0.000101;0.000118
03/07/2010;0.000000;0.000000
04/07/2010;0.000050;0.000059
06/07/2010;0.000101;0.000118
07/07/2010;0.000050;0.000059
08/07/2010;0.000050;0.000059
09/07/2010;0.000101;0.000118
10/07/2010;0.000050;0.000059
11/07/2010;0.000000;0.000000
12/07/2010;0.000050;0.000059
13/07/2010;0.000101;0.000118
14/07/2010;0.000101;0.000118
15/07/2010;0.000101;0.000118
16/07/2010;0.000101;0.000118
17/07/2010;0.000050;0.000059
18/07/2010;0.000000;0.000000
19/07/2010;0.000101;0.000118
20/07/2010;0.000101;0.000118
21/07/2010;0.000101;0.000118
22/07/2010;0.000101;0.000118
23/07/2010;0.000050;0.000059
24/07/2010;0.000050;0.000059
25/07/2010;0.000050;0.000059
26/07/2010;0.000101;0.000118
27/07/2010;0.000101;0.000118
28/07/2010;0.000101;0.000118
29/07/2010;0.000101;0.000118
30/07/2010;0.000101;0.000118
31/07/2010;0.000050;0.000059
01/08/2010;0.000000;0.000000
02/08/2010;0.000101;0.000118
03/08/2010;0.000101;0.000118
04/08/2010;0.000101;0.000118
05/08/2010;0.000101;0.000118
07/08/2010;0.000050;0.000059
08/08/2010;0.000050;0.000059
09/08/2010;0.000101;0.000118
10/08/2010;0.000101;0.000118
11/08/2010;0.000101;0.000118
12/08/2010;0.000050;0.000059
16/08/2010;0.000050;0.000059
17/08/2010;0.000050;0.000059
18/08/2010;0.000050;0.000059
19/08/2010;0.000050;0.000059
20/08/2010;0.000050;0.000059
21/08/2010;0.000050;0.000059
22/08/2010;0.000050;0.000059
23/08/2010;0.000101;0.000118
24/08/2010;0.000050;0.000059
25/08/2010;0.000151;0.000177
27/08/2010;0.000101;0.000118
28/08/2010;0.000050;0.000059
29/08/2010;0.000000;0.000000
30/08/2010;0.000050;0.000059
31/08/2010;0.000050;0.000059
01/09/2010;0.000101;0.000118
02/09/2010;0.000151;0.000177
03/09/2010;0.000101;0.000118
04/09/2010;0.000050;0.000059
05/09/2010;0.000050;0.000059
06/09/2010;0.000101;0.000118
07/09/2010;0.000151;0.000177
08/09/2010;0.000151;0.000177
09/09/2010;0.000101;0.000118
10/09/2010;0.000101;0.000118
11/09/2010;0.000101;0.000118
13/09/2010;0.000050;0.000059
14/09/2010;0.000151;0.000177
15/09/2010;0.000050;0.000059
16/09/2010;0.000101;0.000118
17/09/2010;0.000101;0.000118
19/09/2010;0.000050;0.000059
20/09/2010;0.000101;0.000118
21/09/2010;0.000101;0.000118
22/09/2010;0.000151;0.000177
23/09/2010;0.000151;0.000177
24/09/2010;0.000101;0.000118
25/09/2010;0.000050;0.000059
26/09/2010;0.000050;0.000059
27/09/2010;0.000151;0.000177
28/09/2010;0.000101;0.000118
29/09/2010;0.000101;0.000118
30/09/2010;0.000151;0.000177
01/10/2010;0.000101;0.000118
02/10/2010;0.000050;0.000059
03/10/2010;0.000050;0.000059
04/10/2010;0.000050;0.000059
05/10/2010;0.000151;0.000177
06/10/2010;0.000050;0.000059
07/10/2010;0.000101;0.000118
08/10/2010;0.000101;0.000118
09/10/2010;0.000050;0.000059
10/10/2010;0.000050;0.000059
11/10/2010;0.000151;0.000177
12/10/2010;0.000151;0.000177
13/10/2010;0.000151;0.000177
14/10/2010;0.000050;0.000059
15/10/2010;0.000151;0.000177
16/10/2010;0.000000;0.000000
17/10/2010;0.000050;0.000059
18/10/2010;0.000101;0.000118
19/10/2010;0.000050;0.000059
20/10/2010;0.000101;0.000118
21/10/2010;0.000101;0.000118
22/10/2010;0.000101;0.000118
23/10/2010;0.000050;0.000059
24/10/2010;0.000050;0.000059
25/10/2010;0.000050;0.000059
26/10/2010;0.000050;0.000059
27/10/2010;0.000101;0.000118
28/10/2010;0.000101;0.000118
29/10/2010;0.000101;0.000118
30/10/2010;0.000050;0.000059
31/10/2010;0.000050;0.000059
01/11/2010;0.000050;0.000059
02/11/2010;0.000050;0.000059
03/11/2010;0.000101;0.000118
05/11/2010;0.000101;0.000118
06/11/2010;0.000000;0.000000
07/11/2010;0.000000;0.000000
08/11/2010;0.000101;0.000118
09/11/2010;0.000050;0.000059
10/11/2010;0.000050;0.000059
11/11/2010;0.000101;0.000118
12/11/2010;0.000101;0.000118
13/11/2010;0.000101;0.000118
14/11/2010;0.000050;0.000059
15/11/2010;0.000050;0.000059
17/11/2010;0.000101;0.000118
18/11/2010;0.000101;0.000118
19/11/2010;0.000101;0.000118
20/11/2010;0.000050;0.000059
21/11/2010;0.000050;0.000059
22/11/2010;0.000101;0.000118
23/11/2010;0.000101;0.000118
24/11/2010;0.000101;0.000118
25/11/2010;0.000101;0.000118
26/11/2010;0.000101;0.000118
27/11/2010;0.000050;0.000059
28/11/2010;0.000050;0.000059
29/11/2010;0.000050;0.000059
30/11/2010;0.000101;0.000118
01/12/2010;0.000151;0.000177
02/12/2010;0.000101;0.000118
03/12/2010;0.000101;0.000118
04/12/2010;0.000050;0.000059
06/12/2010;0.000151;0.000177
07/12/2010;0.000101;0.000118
08/12/2010;0.000101;0.000118
09/12/2010;0.000101;0.000118
10/12/2010;0.000050;0.000059
11/12/2010;0.000050;0.000059
12/12/2010;0.000050;0.000059
13/12/2010;0.000151;0.000177
14/12/2010;0.000151;0.000177
16/12/2010;0.000101;0.000118
17/12/2010;0.000101;0.000118
18/12/2010;0.000000;0.000000
19/12/2010;0.000000;0.000000
20/12/2010;0.000101;0.000118
21/12/2010;0.000101;0.000118
22/12/2010;0.000101;0.000118
23/12/2010;0.000101;0.000118
24/12/2010;0.000101;0.000118
25/12/2010;0.000101;0.000118
26/12/2010;0.000050;0.000059
27/12/2010;0.000151;0.000177
28/12/2010;0.000101;0.000118
29/12/2010;0.000101;0.000118
30/12/2010;0.000151;0.000177
02/01/2011;0.000101;0.000123
03/01/2011;0.000202;0.000245
04/01/2011;0.000302;0.000368
05/01/2011;0.000202;0.000245
06/01/2011;0.000252;0.000307
07/01/2011;0.000252;0.000307
08/01/2011;0.000101;0.000123
09/01/2011;0.000050;0.000061
10/01/2011;0.000302;0.000368
11/01/2011;0.000252;0.000307
12/01/2011;0.000151;0.000184
13/01/2011;0.000202;0.000245
14/01/2011;0.000202;0.000245
15/01/2011;0.000151;0.000184
16/01/2011;0.000101;0.000123
17/01/2011;0.000302;0.000368
18/01/2011;0.000202;0.000245
19/01/2011;0.000151;0.000184
20/01/2011;0.000202;0.000245
21/01/2011;0.000202;0.000245
22/01/2011;0.000050;0.000061
23/01/2011;0.000101;0.000123
24/01/2011;0.000202;0.000245
25/01/2011;0.000302;0.000368
26/01/2011;0.000252;0.000307
27/01/2011;0.000202;0.000245
28/01/2011;0.000151;0.000184
29/01/2011;0.000101;0.000123
30/01/2011;0.000050;0.000061
01/02/2011;0.000202;0.000245
02/02/2011;0.000202;0.000245
03/02/2011;0.000252;0.000307
04/02/2011;0.000202;0.000245
05/02/2011;0.000151;0.000184
06/02/2011;0.000101;0.000123
07/02/2011;0.000302;0.000368
08/02/2011;0.000252;0.000307
09/02/2011;0.000353;0.000429
10/02/2011;0.000302;0.000368
11/02/2011;0.000252;0.000307
12/02/2011;0.000151;0.000184
13/02/2011;0.000101;0.000123
14/02/2011;0.000202;0.000245
15/02/2011;0.000202;0.000245
16/02/2011;0.000252;0.000307
17/02/2011;0.000202;0.000245
18/02/2011;0.000302;0.000368
19/02/2011;0.000151;0.000184
20/02/2011;0.000151;0.000184
21/02/2011;0.000302;0.000368
22/02/2011;0.000202;0.000245
23/02/2011;0.000202;0.000245
24/02/2011;0.000252;0.000307
25/02/2011;0.000151;0.000184
26/02/2011;0.000101;0.000123
27/02/2011;0.000202;0.000245
28/02/2011;0.000252;0.000307
01/03/2011;0.000151;0.000184
02/03/2011;0.000101;0.000123
03/03/2011;0.000151;0.000184
04/03/2011;0.000101;0.000123
05/03/2011;0.000050;0.000061
06/03/2011;0.000050;0.000061
08/03/2011;0.000202;0.000245
09/03/2011;0.000151;0.000184
11/03/2011;0.000101;0.000123
12/03/2011;0.000050;0.000061
13/03/2011;0.000050;0.000061
14/03/2011;0.000151;0.000184
15/03/2011;0.000101;0.000123
16/03/2011;0.000151;0.000184
17/03/2011;0.000151;0.000184
18/03/2011;0.000151;0.000184
19/03/2011;0.000050;0.000061
20/03/2011;0.000050;0.000061
21/03/2011;0.000050;0.000061
22/03/2011;0.000151;0.000184
23/03/2011;0.000151;0.000184
24/03/2011;0.000202;0.000245
25/03/2011;0.000101;0.000123
26/03/2011;0.000000;0.000000
27/03/2011;0.000050;0.000061
28/03/2011;0.000101;0.000123
29/03/2011;0.000101;0.000123
30/03/2011;0.000101;0.000123
31/03/2011;0.000101;0.000123
01/04/2011;0.000101;0.000123
02/04/2011;0.000050;0.000061
03/04/2011;0.000050;0.000061
04/04/2011;0.000101;0.000123
05/04/2011;0.000050;0.000061
06/04/2011;0.000050;0.000061
07/04/2011;0.000050;0.000061
08/04/2011;0.000101;0.000123
09/04/2011;0.000000;0.000000
10/04/2011;0.000050;0.000061
11/04/2011;0.000101;0.000123
12/04/2011;0.000101;0.000123
15/04/2011;0.000050;0.000061
16/04/2011;0.000000;0.000000
17/04/2011;0.000050;0.000061
18/04/2011;0.000101;0.000123
19/04/2011;0.000101;0.000123
20/04/2011;0.000050;0.000061
21/04/2011;0.000101;0.000123
22/04/2011;0.000050;0.000061
23/04/2011;0.000050;0.000061
24/04/2011;0.000050;0.000061
25/04/2011;0.000050;0.000061
26/04/2011;0.000050;0.000061
27/04/2011;0.000101;0.000123
28/04/2011;0.000151;0.000184
30/04/2011;0.000000;0.000000
01/05/2011;0.000000;0.000000
06/05/2011;0.000101;0.000123
07/05/2011;0.000050;0.000061
08/05/2011;0.000050;0.000061
09/05/2011;0.000050;0.000061
10/05/2011;0.000050;0.000061
11/05/2011;0.000151;0.000184
12/05/2011;0.000151;0.000184
13/05/2011;0.000101;0.000123
14/05/2011;0.000050;0.000061
15/05/2011;0.000050;0.000061
16/05/2011;0.000151;0.000184
17/05/2011;0.000101;0.000123
19/05/2011;0.000101;0.000123
20/05/2011;0.000101;0.000123
21/05/2011;0.000050;0.000061
22/05/2011;0.000050;0.000061
23/05/2011;0.000101;0.000123
24/05/2011;0.000101;0.000123
25/05/2011;0.000151;0.000184
26/05/2011;0.000101;0.000123
27/05/2011;0.000050;0.000061
28/05/2011;0.000050;0.000061
30/05/2011;0.000050;0.000061
31/05/2011;0.000151;0.000184
01/06/2011;0.000202;0.000245
02/06/2011;0.000101;0.000123
03/06/2011;0.000101;0.000123
04/06/2011;0.000101;0.000123
05/06/2011;0.000151;0.000184
07/06/2011;0.000151;0.000184
08/06/2011;0.000202;0.000245
09/06/2011;0.000151;0.000184
12/06/2011;0.000101;0.000123
13/06/2011;0.000202;0.000245
14/06/2011;0.000151;0.000184
15/06/2011;0.000151;0.000184
16/06/2011;0.000151;0.000184
17/06/2011;0.000151;0.000184
18/06/2011;0.000101;0.000123
19/06/2011;0.000101;0.000123
20/06/2011;0.000101;0.000123
21/06/2011;0.000202;0.000245
22/06/2011;0.000202;0.000245
23/06/2011;0.000101;0.000123
25/06/2011;0.000050;0.000061
26/06/2011;0.000050;0.000061
27/06/2011;0.000202;0.000245
28/06/2011;0.000202;0.000245
29/06/2011;0.000202;0.000245
01/07/2011;0.000302;0.000368
02/07/2011;0.000101;0.000123
03/07/2011;0.000101;0.000123
04/07/2011;0.000302;0.000368
05/07/2011;0.000302;0.000368
06/07/2011;0.000202;0.000245
07/07/2011;0.000202;0.000245
08/07/2011;0.000252;0.000307
09/07/2011;0.000101;0.000123
10/07/2011;0.000101;0.000123
11/07/2011;0.000302;0.000368
12/07/2011;0.000302;0.000368
13/07/2011;0.000302;0.000368
14/07/2011;0.000202;0.000245
15/07/2011;0.000202;0.000245
16/07/2011;0.000101;0.000123
17/07/2011;0.000101;0.000123
18/07/2011;0.000151;0.000184
20/07/2011;0.000202;0.000245
22/07/2011;0.000252;0.000307
24/07/2011;0.000252;0.000307
25/07/2011;0.000252;0.000307
26/07/2011;0.000252;0.000307
27/07/2011;0.000353;0.000429
29/07/2011;0.000252;0.000307
30/07/2011;0.000101;0.000123
31/07/2011;0.000101;0.000123
01/08/2011;0.000353;0.000429
02/08/2011;0.000151;0.000184
03/08/2011;0.000302;0.000368
04/08/2011;0.000302;0.000368
05/08/2011;0.000202;0.000245
06/08/2011;0.000050;0.000061
07/08/2011;0.000101;0.000123
08/08/2011;0.000202;0.000245
09/08/2011;0.000202;0.000245
10/08/2011;0.000302;0.000368
11/08/2011;0.000202;0.000245
12/08/2011;0.000302;0.000368
16/08/2011;0.000202;0.000245
17/08/2011;0.000252;0.000307
18/08/2011;0.000302;0.000368
19/08/2011;0.000302;0.000368
20/08/2011;0.000101;0.000123
21/08/2011;0.000202;0.000245
22/08/2011;0.000252;0.000307
23/08/2011;0.000302;0.000368
24/08/2011;0.000202;0.000245
25/08/2011;0.000202;0.000245
26/08/2011;0.000302;0.000368
27/08/2011;0.000101;0.000123
28/08/2011;0.000151;0.000184
30/08/2011;0.000302;0.000368
31/08/2011;0.000202;0.000245
01/09/2011;0.000302;0.000368
02/09/2011;0.000403;0.000491
03/09/2011;0.000151;0.000184
04/09/2011;0.000252;0.000307
05/09/2011;0.000353;0.000429
07/09/2011;0.000302;0.000368
08/09/2011;0.000353;0.000429
09/09/2011;0.000302;0.000368
10/09/2011;0.000202;0.000245
11/09/2011;0.000151;0.000184
12/09/2011;0.000403;0.000491
13/09/2011;0.000353;0.000429
14/09/2011;0.000403;0.000491
15/09/2011;0.000252;0.000307
16/09/2011;0.000302;0.000368
17/09/2011;0.000202;0.000245
18/09/2011;0.000101;0.000123
19/09/2011;0.000202;0.000245
20/09/2011;0.000302;0.000368
21/09/2011;0.000252;0.000307
22/09/2011;0.000302;0.000368
23/09/2011;0.000454;0.000552
24/09/2011;0.000202;0.000245
25/09/2011;0.000302;0.000368
26/09/2011;0.000353;0.000429
27/09/2011;0.000353;0.000429
28/09/2011;0.000353;0.000429
29/09/2011;0.000302;0.000368
30/09/2011;0.000454;0.000552
01/10/2011;0.000151;0.000184
02/10/2011;0.000151;0.000184
03/10/2011;0.000202;0.000245
04/10/2011;0.000252;0.000307
05/10/2011;0.000252;0.000307
06/10/2011;0.000353;0.000429
08/10/2011;0.000202;0.000245
09/10/2011;0.000151;0.000184
10/10/2011;0.000353;0.000429
11/10/2011;0.000353;0.000429
12/10/2011;0.000454;0.000552
14/10/2011;0.000202;0.000245
15/10/2011;0.000151;0.000184
16/10/2011;0.000101;0.000123
17/10/2011;0.000302;0.000368
18/10/2011;0.000454;0.000552
19/10/2011;0.000353;0.000429
20/10/2011;0.000353;0.000429
21/10/2011;0.000302;0.000368
22/10/2011;0.000101;0.000123
23/10/2011;0.000202;0.000245
24/10/2011;0.000302;0.000368
25/10/2011;0.000252;0.000307
26/10/2011;0.000403;0.000491
28/10/2011;0.000403;0.000491
29/10/2011;0.000202;0.000245
30/10/2011;0.000101;0.000123
31/10/2011;0.000302;0.000368
01/11/2011;0.000252;0.000307
02/11/2011;0.000302;0.000368
03/11/2011;0.000302;0.000368
04/11/2011;0.000252;0.000307
05/11/2011;0.000151;0.000184
06/11/2011;0.000151;0.000184
07/11/2011;0.000454;0.000552
08/11/2011;0.000403;0.000491
09/11/2011;0.000353;0.000429
10/11/2011;0.000202;0.000245
11/11/2011;0.000403;0.000491
12/11/2011;0.000252;0.000307
13/11/2011;0.000151;0.000184
14/11/2011;0.000504;0.000613
15/11/2011;0.000454;0.000552
16/11/2011;0.000252;0.000307
17/11/2011;0.000202;0.000245
18/11/2011;0.000202;0.000245
19/11/2011;0.000151;0.000184
20/11/2011;0.000202;0.000245
21/11/2011;0.000202;0.000245
22/11/2011;0.000353;0.000429
23/11/2011;0.000454;0.000552
24/11/2011;0.000353;0.000429
25/11/2011;0.000454;0.000552
26/11/2011;0.000151;0.000184
27/11/2011;0.000151;0.000184
28/11/2011;0.000252;0.000307
29/11/2011;0.000454;0.000552
30/11/2011;0.000454;0.000552
01/12/2011;0.000353;0.000429
02/12/2011;0.000252;0.000307
03/12/2011;0.000202;0.000245
04/12/2011;0.000202;0.000245
05/12/2011;0.000403;0.000491
06/12/2011;0.000454;0.000552
07/12/2011;0.000403;0.000491
08/12/2011;0.000252;0.000307
09/12/2011;0.000202;0.000245
10/12/2011;0.000202;0.000245
11/12/2011;0.000101;0.000123
12/12/2011;0.000403;0.000491
13/12/2011;0.000252;0.000307
14/12/2011;0.000302;0.000368
15/12/2011;0.000302;0.000368
16/12/2011;0.000202;0.000245
17/12/2011;0.000151;0.000184
18/12/2011;0.000202;0.000245
19/12/2011;0.000454;0.000552
20/12/2011;0.000454;0.000552
21/12/2011;0.000353;0.000429
22/12/2011;0.000252;0.000307
23/12/2011;0.000454;0.000552
24/12/2011;0.000151;0.000184
25/12/2011;0.000151;0.000184
26/12/2011;0.000504;0.000613
27/12/2011;0.000252;0.000307
28/12/2011;0.000403;0.000491
29/12/2011;0.000403;0.000491
30/12/2011;0.000302;0.000368
02/01/2012;0.000857;0.001085
03/01/2012;0.000554;0.000702
04/01/2012;0.000706;0.000894
05/01/2012;0.000756;0.000958
06/01/2012;0.000706;0.000894
07/01/2012;0.000302;0.000383
08/01/2012;0.000454;0.000575
09/01/2012;0.000504;0.000638
10/01/2012;0.000605;0.000766
11/01/2012;0.000706;0.000894
12/01/2012;0.000857;0.001085
13/01/2012;0.000605;0.000766
14/01/2012;0.000302;0.000383
15/01/2012;0.000302;0.000383
16/01/2012;0.000655;0.000830
18/01/2012;0.000706;0.000894
19/01/2012;0.000554;0.000702
21/01/2012;0.000252;0.000319
22/01/2012;0.000302;0.000383
23/01/2012;0.000554;0.000702
24/01/2012;0.001008;0.001277
25/01/2012;0.000857;0.001085
26/01/2012;0.000605;0.000766
27/01/2012;0.000605;0.000766
28/01/2012;0.000252;0.000319
29/01/2012;0.000353;0.000447
30/01/2012;0.000806;0.001021
31/01/2012;0.000605;0.000766
01/02/2012;0.000554;0.000702
02/02/2012;0.000706;0.000894
03/02/2012;0.000756;0.000958
04/02/2012;0.000302;0.000383
05/02/2012;0.000353;0.000447
06/02/2012;0.000403;0.000511
07/02/2012;0.000504;0.000638
08/02/2012;0.000756;0.000958
09/02/2012;0.000756;0.000958
10/02/2012;0.000655;0.000830
11/02/2012;0.000302;0.000383
12/02/2012;0.000504;0.000638
13/02/2012;0.000706;0.000894
14/02/2012;0.000655;0.000830
15/02/2012;0.000655;0.000830
16/02/2012;0.000756;0.000958
17/02/2012;0.000706;0.000894
18/02/2012;0.000302;0.000383
19/02/2012;0.000504;0.000638
20/02/2012;0.000806;0.001021
21/02/2012;0.000806;0.001021
22/02/2012;0.000756;0.000958
24/02/2012;0.000605;0.000766
25/02/2012;0.000353;0.000447
26/02/2012;0.000302;0.000383
27/02/2012;0.000857;0.001085
28/02/2012;0.000806;0.001021
29/02/2012;0.000806;0.001021
01/03/2012;0.001058;0.001341
02/03/2012;0.000907;0.001149
03/03/2012;0.000454;0.000575
04/03/2012;0.000454;0.000575
05/03/2012;0.000806;0.001021
06/03/2012;0.001159;0.001468
07/03/2012;0.000958;0.001213
08/03/2012;0.001008;0.001277
09/03/2012;0.001058;0.001341
10/03/2012;0.000655;0.000830
11/03/2012;0.000504;0.000638
12/03/2012;0.001159;0.001468
13/03/2012;0.001058;0.001341
14/03/2012;0.000907;0.001149
15/03/2012;0.000857;0.001085
16/03/2012;0.000706;0.000894
17/03/2012;0.000706;0.000894
18/03/2012;0.000655;0.000830
19/03/2012;0.001058;0.001341
20/03/2012;0.000958;0.001213
21/03/2012;0.000857;0.001085
22/03/2012;0.000958;0.001213
23/03/2012;0.001008;0.001277
24/03/2012;0.000605;0.000766
25/03/2012;0.000302;0.000383
26/03/2012;0.001310;0.001660
27/03/2012;0.001159;0.001468
28/03/2012;0.001159;0.001468
29/03/2012;0.001462;0.001851
30/03/2012;0.001058;0.001341
31/03/2012;0.000554;0.000702
01/04/2012;0.000302;0.000383
02/04/2012;0.000857;0.001085
03/04/2012;0.000857;0.001085
04/04/2012;0.000756;0.000958
05/04/2012;0.000655;0.000830
06/04/2012;0.000504;0.000638
07/04/2012;0.000302;0.000383
08/04/2012;0.000252;0.000319
10/04/2012;0.000454;0.000575
11/04/2012;0.000655;0.000830
12/04/2012;0.000605;0.000766
13/04/2012;0.000504;0.000638
14/04/2012;0.000302;0.000383
15/04/2012;0.000202;0.000255
16/04/2012;0.000605;0.000766
17/04/2012;0.000605;0.000766
18/04/2012;0.000857;0.001085
19/04/2012;0.000706;0.000894
20/04/2012;0.000706;0.000894
21/04/2012;0.000252;0.000319
22/04/2012;0.000252;0.000319
23/04/2012;0.000605;0.000766
24/04/2012;0.000605;0.000766
25/04/2012;0.000806;0.001021
26/04/2012;0.000655;0.000830
27/04/2012;0.000454;0.000575
28/04/2012;0.000302;0.000383
30/04/2012;0.000706;0.000894
01/05/2012;0.000605;0.000766
02/05/2012;0.000504;0.000638
06/05/2012;0.000302;0.000383
07/05/2012;0.000756;0.000958
08/05/2012;0.000605;0.000766
09/05/2012;0.000554;0.000702
11/05/2012;0.000554;0.000702
12/05/2012;0.000302;0.000383
13/05/2012;0.000302;0.000383
14/05/2012;0.000504;0.000638
15/05/2012;0.000756;0.000958
16/05/2012;0.000454;0.000575
17/05/2012;0.000605;0.000766
18/05/2012;0.000756;0.000958
19/05/2012;0.000252;0.000319
20/05/2012;0.000353;0.000447
21/05/2012;0.000554;0.000702
22/05/2012;0.000504;0.000638
23/05/2012;0.000706;0.000894
24/05/2012;0.000655;0.000830
25/05/2012;0.000504;0.000638
26/05/2012;0.000353;0.000447
27/05/2012;0.000302;0.000383
28/05/2012;0.000554;0.000702
29/05/2012;0.000454;0.000575
30/05/2012;0.000504;0.000638
31/05/2012;0.000454;0.000575
01/06/2012;0.000706;0.000894
02/06/2012;0.000302;0.000383
03/06/2012;0.000302;0.000383
04/06/2012;0.000554;0.000702
05/06/2012;0.000706;0.000894
06/06/2012;0.000706;0.000894
07/06/2012;0.000554;0.000702
08/06/2012;0.000454;0.000575
09/06/2012;0.000302;0.000383
10/06/2012;0.000403;0.000511
11/06/2012;0.000655;0.000830
12/06/2012;0.000554;0.000702
13/06/2012;0.000756;0.000958
14/06/2012;0.000605;0.000766
15/06/2012;0.000605;0.000766
16/06/2012;0.000302;0.000383
17/06/2012;0.000252;0.000319
18/06/2012;0.000554;0.000702
19/06/2012;0.000655;0.000830
20/06/2012;0.000252;0.000319
21/06/2012;0.000554;0.000702
22/06/2012;0.000655;0.000830
23/06/2012;0.000252;0.000319
24/06/2012;0.000302;0.000383
25/06/2012;0.000504;0.000638
26/06/2012;0.000706;0.000894
27/06/2012;0.000706;0.000894
29/06/2012;0.000605;0.000766
30/06/2012;0.000302;0.000383
01/07/2012;0.000353;0.000447
02/07/2012;0.000403;0.000511
03/07/2012;0.000454;0.000575
04/07/2012;0.000454;0.000575
05/07/2012;0.000554;0.000702
06/07/2012;0.000554;0.000702
07/07/2012;0.000302;0.000383
08/07/2012;0.000403;0.000511
09/07/2012;0.000655;0.000830
10/07/2012;0.000504;0.000638
11/07/2012;0.000504;0.000638
12/07/2012;0.000504;0.000638
14/07/2012;0.000202;0.000255
15/07/2012;0.000252;0.000319
16/07/2012;0.000706;0.000894
17/07/2012;0.000756;0.000958
18/07/2012;0.000706;0.000894
19/07/2012;0.000958;0.001213
20/07/2012;0.000403;0.000511
21/07/2012;0.000252;0.000319
22/07/2012;0.000252;0.000319
23/07/2012;0.000403;0.000511
24/07/2012;0.000554;0.000702
25/07/2012;0.000806;0.001021
26/07/2012;0.000706;0.000894
27/07/2012;0.000655;0.000830
28/07/2012;0.000252;0.000319
29/07/2012;0.000252;0.000319
30/07/2012;0.000655;0.000830
31/07/2012;0.000706;0.000894
01/08/2012;0.000605;0.000766
03/08/2012;0.000605;0.000766
04/08/2012;0.000202;0.000255
05/08/2012;0.000202;0.000255
06/08/2012;0.000605;0.000766
07/08/2012;0.000756;0.000958
08/08/2012;0.000605;0.000766
09/08/2012;0.000605;0.000766
10/08/2012;0.000454;0.000575
11/08/2012;0.000252;0.000319
12/08/2012;0.000202;0.000255
16/08/2012;0.000454;0.000575
17/08/2012;0.000706;0.000894
18/08/2012;0.000252;0.000319
19/08/2012;0.000353;0.000447
20/08/2012;0.000403;0.000511
21/08/2012;0.000504;0.000638
22/08/2012;0.000605;0.000766
23/08/2012;0.000504;0.000638
24/08/2012;0.000554;0.000702
25/08/2012;0.000302;0.000383
26/08/2012;0.000302;0.000383
27/08/2012;0.000554;0.000702
28/08/2012;0.000454;0.000575
29/08/2012;0.000655;0.000830
30/08/2012;0.000605;0.000766
31/08/2012;0.000504;0.000638
01/09/2012;0.000403;0.000511
02/09/2012;0.000554;0.000702
03/09/2012;0.000958;0.001213
04/09/2012;0.000907;0.001149
05/09/2012;0.001008;0.001277
06/09/2012;0.000857;0.001085
07/09/2012;0.001008;0.001277
09/09/2012;0.000353;0.000447
10/09/2012;0.000958;0.001213
11/09/2012;0.001008;0.001277
12/09/2012;0.000655;0.000830
13/09/2012;0.000806;0.001021
14/09/2012;0.001109;0.001404
15/09/2012;0.000605;0.000766
16/09/2012;0.000302;0.000383
17/09/2012;0.000706;0.000894
19/09/2012;0.000806;0.001021
20/09/2012;0.000756;0.000958
21/09/2012;0.001008;0.001277
22/09/2012;0.000504;0.000638
23/09/2012;0.000504;0.000638
24/09/2012;0.001109;0.001404
25/09/2012;0.001109;0.001404
26/09/2012;0.001008;0.001277
27/09/2012;0.000958;0.001213
28/09/2012;0.000756;0.000958
29/09/2012;0.000353;0.000447
30/09/2012;0.000454;0.000575
01/10/2012;0.001260;0.001596
02/10/2012;0.000958;0.001213
03/10/2012;0.000857;0.001085
04/10/2012;0.000655;0.000830
05/10/2012;0.000605;0.000766
06/10/2012;0.000302;0.000383
07/10/2012;0.000353;0.000447
08/10/2012;0.000605;0.000766
09/10/2012;0.000605;0.000766
10/10/2012;0.000655;0.000830
11/10/2012;0.000958;0.001213
12/10/2012;0.000907;0.001149
13/10/2012;0.000353;0.000447
14/10/2012;0.000454;0.000575
15/10/2012;0.000907;0.001149
16/10/2012;0.000857;0.001085
17/10/2012;0.000756;0.000958
18/10/2012;0.000605;0.000766
19/10/2012;0.001310;0.001660
20/10/2012;0.000353;0.000447
21/10/2012;0.000353;0.000447
22/10/2012;0.000806;0.001021
23/10/2012;0.000806;0.001021
24/10/2012;0.000857;0.001085
25/10/2012;0.000756;0.000958
26/10/2012;0.000706;0.000894
27/10/2012;0.000504;0.000638
28/10/2012;0.000605;0.000766
30/10/2012;0.000655;0.000830
31/10/2012;0.000806;0.001021
01/11/2012;0.000605;0.000766
02/11/2012;0.000756;0.000958
03/11/2012;0.000403;0.000511
04/11/2012;0.000252;0.000319
05/11/2012;0.000706;0.000894
06/11/2012;0.000706;0.000894
07/11/2012;0.000554;0.000702
08/11/2012;0.000958;0.001213
09/11/2012;0.000706;0.000894
10/11/2012;0.000706;0.000894
12/11/2012;0.000756;0.000958
13/11/2012;0.000605;0.000766
14/11/2012;0.000504;0.000638
15/11/2012;0.000706;0.000894
16/11/2012;0.000655;0.000830
17/11/2012;0.000353;0.000447
18/11/2012;0.000252;0.000319
19/11/2012;0.000655;0.000830
20/11/2012;0.000554;0.000702
21/11/2012;0.000706;0.000894
22/11/2012;0.000806;0.001021
23/11/2012;0.000504;0.000638
24/11/2012;0.000353;0.000447
25/11/2012;0.000252;0.000319
26/11/2012;0.000706;0.000894
27/11/2012;0.000756;0.000958
28/11/2012;0.000504;0.000638
29/11/2012;0.000504;0.000638
30/11/2012;0.000504;0.000638
01/12/2012;0.000403;0.000511
02/12/2012;0.000353;0.000447
03/12/2012;0.000907;0.001149
04/12/2012;0.000806;0.001021
05/12/2012;0.000806;0.001021
06/12/2012;0.000403;0.000511
07/12/2012;0.000605;0.000766
08/12/2012;0.000202;0.000255
09/12/2012;0.000202;0.000255
10/12/2012;0.000655;0.000830
11/12/2012;0.001058;0.001341
12/12/2012;0.000857;0.001085
13/12/2012;0.000706;0.000894
14/12/2012;0.000756;0.000958
15/12/2012;0.000302;0.000383
16/12/2012;0.000403;0.000511
17/12/2012;0.000706;0.000894
18/12/2012;0.000958;0.001213
19/12/2012;0.000605;0.000766
20/12/2012;0.000958;0.001213
21/12/2012;0.000857;0.001085
22/12/2012;0.000403;0.000511
23/12/2012;0.000403;0.000511
24/12/2012;0.000907;0.001149
25/12/2012;0.000706;0.000894
26/12/2012;0.000605;0.000766
27/12/2012;0.000605;0.000766
28/12/2012;0.000655;0.000830
29/12/2012;0.000403;0.000511
30/12/2012;0.000353;0.000447
02/01/2013;0.000588;0.000772
04/01/2013;0.000724;0.000950
05/01/2013;0.000588;0.000772
06/01/2013;0.000453;0.000594
07/01/2013;0.000769;0.001010
08/01/2013;0.000950;0.001247
09/01/2013;0.000724;0.000950
10/01/2013;0.000634;0.000831
11/01/2013;0.000905;0.001188
12/01/2013;0.000362;0.000475
13/01/2013;0.000317;0.000416
14/01/2013;0.000860;0.001128
15/01/2013;0.000769;0.001010
16/01/2013;0.000769;0.001010
17/01/2013;0.000588;0.000772
18/01/2013;0.001041;0.001366
19/01/2013;0.000272;0.000356
20/01/2013;0.000407;0.000535
21/01/2013;0.000498;0.000653
22/01/2013;0.000724;0.000950
23/01/2013;0.000905;0.001188
24/01/2013;0.000769;0.001010
25/01/2013;0.000634;0.000831
26/01/2013;0.000226;0.000297
27/01/2013;0.000498;0.000653
28/01/2013;0.000634;0.000831
29/01/2013;0.000679;0.000891
30/01/2013;0.000634;0.000831
31/01/2013;0.000634;0.000831
01/02/2013;0.000634;0.000831
02/02/2013;0.000362;0.000475
03/02/2013;0.000407;0.000535
04/02/2013;0.000769;0.001010
05/02/2013;0.000860;0.001128
06/02/2013;0.001131;0.001485
07/02/2013;0.000634;0.000831
08/02/2013;0.000905;0.001188
09/02/2013;0.000453;0.000594
10/02/2013;0.000453;0.000594
11/02/2013;0.000769;0.001010
12/02/2013;0.000634;0.000831
13/02/2013;0.000860;0.001128
14/02/2013;0.000498;0.000653
15/02/2013;0.000950;0.001247
16/02/2013;0.000543;0.000713
17/02/2013;0.000226;0.000297
18/02/2013;0.000453;0.000594
19/02/2013;0.000679;0.000891
20/02/2013;0.000724;0.000950
22/02/2013;0.000679;0.000891
23/02/2013;0.000543;0.000713
24/02/2013;0.000317;0.000416
26/02/2013;0.000860;0.001128
27/02/2013;0.000634;0.000831
28/02/2013;0.000543;0.000713
02/03/2013;0.000498;0.000653
03/03/2013;0.000588;0.000772
04/03/2013;0.001041;0.001366
05/03/2013;0.000860;0.001128
06/03/2013;0.001041;0.001366
07/03/2013;0.000950;0.001247
08/03/2013;0.001086;0.001425
09/03/2013;0.000498;0.000653
10/03/2013;0.000498;0.000653
11/03/2013;0.001086;0.001425
12/03/2013;0.001267;0.001663
13/03/2013;0.001131;0.001485
14/03/2013;0.000815;0.001069
15/03/2013;0.001358;0.001782
16/03/2013;0.000498;0.000653
18/03/2013;0.000996;0.001307
19/03/2013;0.000860;0.001128
20/03/2013;0.000996;0.001307
21/03/2013;0.000860;0.001128
22/03/2013;0.001041;0.001366
23/03/2013;0.000634;0.000831
24/03/2013;0.000407;0.000535
25/03/2013;0.000905;0.001188
26/03/2013;0.000815;0.001069
27/03/2013;0.001358;0.001782
28/03/2013;0.000996;0.001307
29/03/2013;0.000815;0.001069
30/03/2013;0.000453;0.000594
31/03/2013;0.000498;0.000653
01/04/2013;0.000996;0.001307
02/04/2013;0.000679;0.000891
03/04/2013;0.000634;0.000831
04/04/2013;0.000588;0.000772
05/04/2013;0.000815;0.001069
06/04/2013;0.000407;0.000535
07/04/2013;0.000362;0.000475
08/04/2013;0.000543;0.000713
09/04/2013;0.000679;0.000891
10/04/2013;0.000860;0.001128
11/04/2013;0.000905;0.001188
12/04/2013;0.000860;0.001128
13/04/2013;0.000362;0.000475
14/04/2013;0.000453;0.000594
15/04/2013;0.000769;0.001010
16/04/2013;0.000769;0.001010
17/04/2013;0.000815;0.001069
18/04/2013;0.000905;0.001188
19/04/2013;0.000588;0.000772
20/04/2013;0.000453;0.000594
21/04/2013;0.000317;0.000416
22/04/2013;0.000996;0.001307
23/04/2013;0.000679;0.000891
24/04/2013;0.001086;0.001425
26/04/2013;0.000769;0.001010
27/04/2013;0.000453;0.000594
28/04/2013;0.000362;0.000475
30/04/2013;0.000905;0.001188
01/05/2013;0.001041;0.001366
02/05/2013;0.001086;0.001425
06/05/2013;0.001086;0.001425
07/05/2013;0.000724;0.000950
08/05/2013;0.000950;0.001247
09/05/2013;0.000769;0.001010
10/05/2013;0.000724;0.000950
11/05/2013;0.000362;0.000475
12/05/2013;0.000407;0.000535
13/05/2013;0.000362;0.000475
14/05/2013;0.000679;0.000891
15/05/2013;0.000815;0.001069
16/05/2013;0.000498;0.000653
17/05/2013;0.000724;0.000950
18/05/2013;0.000272;0.000356
19/05/2013;0.000407;0.000535
20/05/2013;0.000679;0.000891
21/05/2013;0.001041;0.001366
23/05/2013;0.000815;0.001069
24/05/2013;0.000498;0.000653
25/05/2013;0.000362;0.000475
26/05/2013;0.000272;0.000356
27/05/2013;0.000543;0.000713
28/05/2013;0.000815;0.001069
29/05/2013;0.000769;0.001010
30/05/2013;0.000588;0.000772
31/05/2013;0.000679;0.000891
01/06/2013;0.000407;0.000535
02/06/2013;0.000317;0.000416
03/06/2013;0.000769;0.001010
04/06/2013;0.000996;0.001307
05/06/2013;0.000498;0.000653
06/06/2013;0.000498;0.000653
07/06/2013;0.000588;0.000772
08/06/2013;0.000407;0.000535
09/06/2013;0.000362;0.000475
10/06/2013;0.000860;0.001128
11/06/2013;0.000588;0.000772
12/06/2013;0.000905;0.001188
13/06/2013;0.000815;0.001069
14/06/2013;0.001177;0.001544
15/06/2013;0.000407;0.000535
16/06/2013;0.000317;0.000416
17/06/2013;0.000679;0.000891
18/06/2013;0.000905;0.001188
19/06/2013;0.000724;0.000950
20/06/2013;0.000679;0.000891
21/06/2013;0.000634;0.000831
22/06/2013;0.000317;0.000416
23/06/2013;0.000317;0.000416
24/06/2013;0.000634;0.000831
25/06/2013;0.000498;0.000653
26/06/2013;0.000950;0.001247
27/06/2013;0.000679;0.000891
28/06/2013;0.000634;0.000831
29/06/2013;0.000362;0.000475
30/06/2013;0.000498;0.000653
01/07/2013;0.000588;0.000772
02/07/2013;0.000769;0.001010
03/07/2013;0.000950;0.001247
04/07/2013;0.000769;0.001010
06/07/2013;0.000362;0.000475
07/07/2013;0.000453;0.000594
09/07/2013;0.001041;0.001366
10/07/2013;0.000950;0.001247
11/07/2013;0.000498;0.000653
12/07/2013;0.001041;0.001366
13/07/2013;0.000498;0.000653
14/07/2013;0.000317;0.000416
15/07/2013;0.000724;0.000950
16/07/2013;0.001041;0.001366
17/07/2013;0.001086;0.001425
18/07/2013;0.000905;0.001188
19/07/2013;0.000679;0.000891
20/07/2013;0.000724;0.000950
21/07/2013;0.000815;0.001069
23/07/2013;0.000860;0.001128
24/07/2013;0.000724;0.000950
25/07/2013;0.000996;0.001307
26/07/2013;0.000769;0.001010
27/07/2013;0.000362;0.000475
28/07/2013;0.000362;0.000475
29/07/2013;0.000996;0.001307
30/07/2013;0.000769;0.001010
31/07/2013;0.000543;0.000713
01/08/2013;0.000679;0.000891
02/08/2013;0.000769;0.001010
03/08/2013;0.000407;0.000535
04/08/2013;0.000362;0.000475
05/08/2013;0.000769;0.001010
06/08/2013;0.000543;0.000713
07/08/2013;0.000815;0.001069
08/08/2013;0.000634;0.000831
09/08/2013;0.000634;0.000831
11/08/2013;0.000272;0.000356
12/08/2013;0.000634;0.000831
16/08/2013;0.000634;0.000831
17/08/2013;0.000362;0.000475
18/08/2013;0.000317;0.000416
19/08/2013;0.000996;0.001307
20/08/2013;0.000588;0.000772
21/08/2013;0.000905;0.001188
22/08/2013;0.000498;0.000653
23/08/2013;0.000815;0.001069
25/08/2013;0.000407;0.000535
26/08/2013;0.000724;0.000950
27/08/2013;0.000634;0.000831
28/08/2013;0.000860;0.001128
29/08/2013;0.000724;0.000950
30/08/2013;0.000679;0.000891
31/08/2013;0.000407;0.000535
01/09/2013;0.000453;0.000594
02/09/2013;0.000996;0.001307
03/09/2013;0.000679;0.000891
04/09/2013;0.001041;0.001366
05/09/2013;0.001041;0.001366
06/09/2013;0.000996;0.001307
07/09/2013;0.000407;0.000535
08/09/2013;0.000453;0.000594
09/09/2013;0.001086;0.001425
10/09/2013;0.000860;0.001128
11/09/2013;0.001086;0.001425
12/09/2013;0.001086;0.001425
13/09/2013;0.001131;0.001485
14/09/2013;0.000543;0.000713
15/09/2013;0.000498;0.000653
16/09/2013;0.001358;0.001782
17/09/2013;0.000769;0.001010
18/09/2013;0.000860;0.001128
19/09/2013;0.000815;0.001069
20/09/2013;0.000724;0.000950
21/09/2013;0.000634;0.000831
22/09/2013;0.000407;0.000535
23/09/2013;0.000860;0.001128
24/09/2013;0.000815;0.001069
25/09/2013;0.000815;0.001069
26/09/2013;0.000815;0.001069
27/09/2013;0.000905;0.001188
28/09/2013;0.000543;0.000713
29/09/2013;0.000634;0.000831
30/09/2013;0.000724;0.000950
01/10/2013;0.000996;0.001307
02/10/2013;0.000996;0.001307
03/10/2013;0.000950;0.001247
04/10/2013;0.001041;0.001366
05/10/2013;0.000272;0.000356
06/10/2013;0.000453;0.000594
07/10/2013;0.001041;0.001366
08/10/2013;0.000905;0.001188
09/10/2013;0.000815;0.001069
10/10/2013;0.000860;0.001128
11/10/2013;0.000905;0.001188
12/10/2013;0.000317;0.000416
13/10/2013;0.000453;0.000594
14/10/2013;0.000679;0.000891
15/10/2013;0.000724;0.000950
16/10/2013;0.000769;0.001010
17/10/2013;0.000860;0.001128
18/10/2013;0.000950;0.001247
19/10/2013;0.000498;0.000653
20/10/2013;0.000362;0.000475
21/10/2013;0.000905;0.001188
22/10/2013;0.001403;0.001841
23/10/2013;0.000905;0.001188
24/10/2013;0.001131;0.001485
25/10/2013;0.001086;0.001425
26/10/2013;0.000362;0.000475
27/10/2013;0.000634;0.000831
28/10/2013;0.000679;0.000891
29/10/2013;0.000724;0.000950
30/10/2013;0.001041;0.001366
31/10/2013;0.001177;0.001544
01/11/2013;0.001086;0.001425
02/11/2013;0.000543;0.000713
03/11/2013;0.000453;0.000594
04/11/2013;0.000679;0.000891
05/11/2013;0.000905;0.001188
06/11/2013;0.001131;0.001485
07/11/2013;0.000769;0.001010
08/11/2013;0.001086;0.001425
09/11/2013;0.000498;0.000653
10/11/2013;0.000498;0.000653
11/11/2013;0.000996;0.001307
12/11/2013;0.000860;0.001128
13/11/2013;0.001222;0.001604
14/11/2013;0.000860;0.001128
15/11/2013;0.000724;0.000950
16/11/2013;0.000679;0.000891
17/11/2013;0.000317;0.000416
18/11/2013;0.001041;0.001366
19/11/2013;0.001041;0.001366
20/11/2013;0.000860;0.001128
21/11/2013;0.000724;0.000950
22/11/2013;0.000860;0.001128
23/11/2013;0.000362;0.000475
24/11/2013;0.000498;0.000653
25/11/2013;0.001041;0.001366
26/11/2013;0.000815;0.001069
27/11/2013;0.001267;0.001663
28/11/2013;0.001267;0.001663
29/11/2013;0.001267;0.001663
30/11/2013;0.000543;0.000713
01/12/2013;0.000634;0.000831
02/12/2013;0.000724;0.000950
03/12/2013;0.000996;0.001307
04/12/2013;0.000905;0.001188
05/12/2013;0.000860;0.001128
06/12/2013;0.000815;0.001069
08/12/2013;0.000498;0.000653
09/12/2013;0.001313;0.001722
10/12/2013;0.001267;0.001663
11/12/2013;0.001313;0.001722
12/12/2013;0.000905;0.001188
13/12/2013;0.000815;0.001069
14/12/2013;0.000724;0.000950
15/12/2013;0.000588;0.000772
16/12/2013;0.000905;0.001188
17/12/2013;0.001267;0.001663
18/12/2013;0.001448;0.001900
19/12/2013;0.001131;0.001485
20/12/2013;0.001358;0.001782
22/12/2013;0.000588;0.000772
24/12/2013;0.000815;0.001069
25/12/2013;0.001131;0.001485
26/12/2013;0.001177;0.001544
27/12/2013;0.001403;0.001841
28/12/2013;0.000498;0.000653
29/12/2013;0.000679;0.000891
30/12/2013;0.001403;0.001841
02/01/2014;0.001284;0.001753
04/01/2014;0.000428;0.000584
06/01/2014;0.001237;0.001688
07/01/2014;0.001617;0.002207
08/01/2014;0.000666;0.000909
09/01/2014;0.001047;0.001428
10/01/2014;0.000761;0.001039
11/01/2014;0.000333;0.000454
12/01/2014;0.000618;0.000844
13/01/2014;0.000904;0.001234
14/01/2014;0.001047;0.001428
15/01/2014;0.001284;0.001753
16/01/2014;0.001808;0.002467
17/01/2014;0.001332;0.001818
18/01/2014;0.000618;0.000844
19/01/2014;0.000428;0.000584
20/01/2014;0.001094;0.001493
21/01/2014;0.001094;0.001493
22/01/2014;0.001094;0.001493
23/01/2014;0.000666;0.000909
24/01/2014;0.000904;0.001234
25/01/2014;0.000476;0.000649
26/01/2014;0.000476;0.000649
27/01/2014;0.001047;0.001428
28/01/2014;0.001189;0.001623
29/01/2014;0.001047;0.001428
30/01/2014;0.001047;0.001428
31/01/2014;0.000904;0.001234
01/02/2014;0.000666;0.000909
02/02/2014;0.000381;0.000519
03/02/2014;0.001427;0.001948
04/02/2014;0.001047;0.001428
05/02/2014;0.000951;0.001298
06/02/2014;0.001047;0.001428
08/02/2014;0.000428;0.000584
09/02/2014;0.000666;0.000909
10/02/2014;0.000666;0.000909
12/02/2014;0.001189;0.001623
13/02/2014;0.001332;0.001818
14/02/2014;0.001427;0.001948
15/02/2014;0.000571;0.000779
16/02/2014;0.000666;0.000909
17/02/2014;0.000999;0.001363
18/02/2014;0.001237;0.001688
19/02/2014;0.001522;0.002077
20/02/2014;0.001522;0.002077
22/02/2014;0.000618;0.000844
23/02/2014;0.000571;0.000779
24/02/2014;0.000856;0.001169
25/02/2014;0.000951;0.001298
26/02/2014;0.001475;0.002013
27/02/2014;0.000904;0.001234
28/02/2014;0.001094;0.001493
01/03/2014;0.000856;0.001169
02/03/2014;0.000618;0.000844
04/03/2014;0.001237;0.001688
05/03/2014;0.001808;0.002467
06/03/2014;0.001522;0.002077
07/03/2014;0.001713;0.002337
08/03/2014;0.000904;0.001234
09/03/2014;0.000571;0.000779
10/03/2014;0.001808;0.002467
11/03/2014;0.001760;0.002402
12/03/2014;0.001475;0.002013
13/03/2014;0.001475;0.002013
14/03/2014;0.002331;0.003181
15/03/2014;0.000904;0.001234
16/03/2014;0.001094;0.001493
17/03/2014;0.001855;0.002532
18/03/2014;0.002141;0.002921
19/03/2014;0.001617;0.002207
20/03/2014;0.001332;0.001818
21/03/2014;0.001380;0.001883
22/03/2014;0.000571;0.000779
23/03/2014;0.000666;0.000909
24/03/2014;0.001713;0.002337
26/03/2014;0.001855;0.002532
27/03/2014;0.001284;0.001753
29/03/2014;0.000714;0.000974
30/03/2014;0.000666;0.000909
31/03/2014;0.001760;0.002402
01/04/2014;0.000428;0.000584
02/04/2014;0.000618;0.000844
03/04/2014;0.000714;0.000974
04/04/2014;0.000523;0.000714
06/04/2014;0.000333;0.000454
07/04/2014;0.000666;0.000909
08/04/2014;0.000523;0.000714
09/04/2014;0.000618;0.000844
11/04/2014;0.000761;0.001039
12/04/2014;0.000381;0.000519
13/04/2014;0.000143;0.000195
14/04/2014;0.000476;0.000649
15/04/2014;0.000523;0.000714
16/04/2014;0.000666;0.000909
17/04/2014;0.000714;0.000974
18/04/2014;0.000714;0.000974
19/04/2014;0.000333;0.000454
20/04/2014;0.000238;0.000325
21/04/2014;0.000571;0.000779
22/04/2014;0.000761;0.001039
23/04/2014;0.000666;0.000909
24/04/2014;0.000618;0.000844
25/04/2014;0.000618;0.000844
26/04/2014;0.000476;0.000649
27/04/2014;0.000285;0.000390
01/05/2014;0.000523;0.000714
02/05/2014;0.000809;0.001104
07/05/2014;0.000476;0.000649
08/05/2014;0.000523;0.000714
09/05/2014;0.000571;0.000779
10/05/2014;0.000238;0.000325
11/05/2014;0.000143;0.000195
12/05/2014;0.000523;0.000714
13/05/2014;0.000523;0.000714
14/05/2014;0.000618;0.000844
15/05/2014;0.000523;0.000714
17/05/2014;0.000381;0.000519
18/05/2014;0.000238;0.000325
19/05/2014;0.000618;0.000844
20/05/2014;0.000381;0.000519
21/05/2014;0.000666;0.000909
22/05/2014;0.000381;0.000519
23/05/2014;0.000571;0.000779
24/05/2014;0.000190;0.000260
25/05/2014;0.000238;0.000325
26/05/2014;0.000523;0.000714
27/05/2014;0.000666;0.000909
28/05/2014;0.000618;0.000844
29/05/2014;0.000571;0.000779
30/05/2014;0.000714;0.000974
31/05/2014;0.000190;0.000260
02/06/2014;0.000666;0.000909
03/06/2014;0.000571;0.000779
04/06/2014;0.000856;0.001169
05/06/2014;0.000618;0.000844
06/06/2014;0.000571;0.000779
07/06/2014;0.000285;0.000390
08/06/2014;0.000428;0.000584
09/06/2014;0.000714;0.000974
10/06/2014;0.000523;0.000714
11/06/2014;0.000571;0.000779
12/06/2014;0.000523;0.000714
13/06/2014;0.000523;0.000714
14/06/2014;0.000333;0.000454
15/06/2014;0.000333;0.000454
16/06/2014;0.000666;0.000909
17/06/2014;0.000618;0.000844
18/06/2014;0.000666;0.000909
19/06/2014;0.000618;0.000844
20/06/2014;0.000761;0.001039
21/06/2014;0.000523;0.000714
22/06/2014;0.000285;0.000390
23/06/2014;0.000618;0.000844
24/06/2014;0.000618;0.000844
25/06/2014;0.000571;0.000779
26/06/2014;0.000523;0.000714
27/06/2014;0.000904;0.001234
28/06/2014;0.000285;0.000390
29/06/2014;0.000285;0.000390
30/06/2014;0.000666;0.000909
01/07/2014;0.001094;0.001493
03/07/2014;0.000856;0.001169
04/07/2014;0.000666;0.000909
05/07/2014;0.000238;0.000325
06/07/2014;0.000381;0.000519
07/07/2014;0.000904;0.001234
08/07/2014;0.000809;0.001104
09/07/2014;0.000714;0.000974
10/07/2014;0.000571;0.000779
11/07/2014;0.000381;0.000519
12/07/2014;0.000238;0.000325
13/07/2014;0.000285;0.000390
14/07/2014;0.000666;0.000909
15/07/2014;0.000618;0.000844
16/07/2014;0.000809;0.001104
17/07/2014;0.000999;0.001363
18/07/2014;0.000714;0.000974
20/07/2014;0.000381;0.000519
21/07/2014;0.000523;0.000714
22/07/2014;0.000856;0.001169
23/07/2014;0.000618;0.000844
24/07/2014;0.000714;0.000974
25/07/2014;0.000856;0.001169
26/07/2014;0.000238;0.000325
27/07/2014;0.000428;0.000584
28/07/2014;0.000809;0.001104
30/07/2014;0.000714;0.000974
31/07/2014;0.000666;0.000909
02/08/2014;0.000285;0.000390
03/08/2014;0.000381;0.000519
04/08/2014;0.000523;0.000714
05/08/2014;0.000666;0.000909
06/08/2014;0.000714;0.000974
07/08/2014;0.000666;0.000909
08/08/2014;0.000714;0.000974
09/08/2014;0.000333;0.000454
10/08/2014;0.000381;0.000519
11/08/2014;0.000618;0.000844
12/08/2014;0.000476;0.000649
16/08/2014;0.000333;0.000454
17/08/2014;0.000333;0.000454
18/08/2014;0.000381;0.000519
19/08/2014;0.000761;0.001039
20/08/2014;0.000761;0.001039
21/08/2014;0.000666;0.000909
23/08/2014;0.000381;0.000519
24/08/2014;0.000238;0.000325
25/08/2014;0.000856;0.001169
26/08/2014;0.000714;0.000974
27/08/2014;0.000761;0.001039
28/08/2014;0.000476;0.000649
29/08/2014;0.000618;0.000844
30/08/2014;0.000238;0.000325
31/08/2014;0.000285;0.000390
01/09/2014;0.000951;0.001298
02/09/2014;0.000951;0.001298
03/09/2014;0.000951;0.001298
04/09/2014;0.000951;0.001298
05/09/2014;0.001047;0.001428
06/09/2014;0.000476;0.000649
07/09/2014;0.000761;0.001039
08/09/2014;0.000761;0.001039
09/09/2014;0.000999;0.001363
10/09/2014;0.001142;0.001558
11/09/2014;0.001380;0.001883
12/09/2014;0.001380;0.001883
13/09/2014;0.000428;0.000584
14/09/2014;0.000523;0.000714
15/09/2014;0.000951;0.001298
16/09/2014;0.001427;0.001948
17/09/2014;0.001284;0.001753
18/09/2014;0.001189;0.001623
19/09/2014;0.001094;0.001493
20/09/2014;0.000428;0.000584
21/09/2014;0.000428;0.000584
22/09/2014;0.001142;0.001558
23/09/2014;0.001047;0.001428
24/09/2014;0.001094;0.001493
25/09/2014;0.001237;0.001688
26/09/2014;0.001332;0.001818
28/09/2014;0.000476;0.000649
29/09/2014;0.001094;0.001493
30/09/2014;0.001094;0.001493
01/10/2014;0.000809;0.001104
02/10/2014;0.000951;0.001298
03/10/2014;0.001237;0.001688
04/10/2014;0.000523;0.000714
05/10/2014;0.000333;0.000454
06/10/2014;0.000809;0.001104
07/10/2014;0.000856;0.001169
08/10/2014;0.000714;0.000974
09/10/2014;0.000571;0.000779
11/10/2014;0.000476;0.000649
12/10/2014;0.000333;0.000454
13/10/2014;0.000618;0.000844
14/10/2014;0.000809;0.001104
16/10/2014;0.000856;0.001169
17/10/2014;0.000951;0.001298
18/10/2014;0.000476;0.000649
19/10/2014;0.000476;0.000649
20/10/2014;0.000523;0.000714
21/10/2014;0.000761;0.001039
22/10/2014;0.000951;0.001298
23/10/2014;0.000951;0.001298
24/10/2014;0.000904;0.001234
25/10/2014;0.000523;0.000714
26/10/2014;0.000333;0.000454
27/10/2014;0.001142;0.001558
28/10/2014;0.000618;0.000844
29/10/2014;0.001380;0.001883
31/10/2014;0.001142;0.001558
01/11/2014;0.000523;0.000714
02/11/2014;0.000333;0.000454
03/11/2014;0.000904;0.001234
04/11/2014;0.000761;0.001039
05/11/2014;0.000904;0.001234
06/11/2014;0.001142;0.001558
07/11/2014;0.000809;0.001104
08/11/2014;0.000476;0.000649
09/11/2014;0.000523;0.000714
10/11/2014;0.000951;0.001298
11/11/2014;0.000618;0.000844
12/11/2014;0.000999;0.001363
13/11/2014;0.000904;0.001234
14/11/2014;0.001237;0.001688
15/11/2014;0.000618;0.000844
16/11/2014;0.000428;0.000584
17/11/2014;0.001047;0.001428
18/11/2014;0.000714;0.000974
19/11/2014;0.000904;0.001234
20/11/2014;0.000951;0.001298
21/11/2014;0.000856;0.001169
22/11/2014;0.000285;0.000390
23/11/2014;0.000381;0.000519
24/11/2014;0.000999;0.001363
25/11/2014;0.000951;0.001298
26/11/2014;0.000856;0.001169
27/11/2014;0.000999;0.001363
29/11/2014;0.000428;0.000584
30/11/2014;0.000571;0.000779
01/12/2014;0.000809;0.001104
02/12/2014;0.000809;0.001104
03/12/2014;0.000856;0.001169
04/12/2014;0.000951;0.001298
05/12/2014;0.001047;0.001428
06/12/2014;0.000761;0.001039
07/12/2014;0.000428;0.000584
08/12/2014;0.000618;0.000844
09/12/2014;0.000809;0.001104
10/12/2014;0.001380;0.001883
11/12/2014;0.001284;0.001753
12/12/2014;0.001094;0.001493
13/12/2014;0.000476;0.000649
14/12/2014;0.000571;0.000779
15/12/2014;0.001189;0.001623
16/12/2014;0.001284;0.001753
17/12/2014;0.000666;0.000909
18/12/2014;0.000999;0.001363
19/12/2014;0.001189;0.001623
20/12/2014;0.000571;0.000779
21/12/2014;0.000476;0.000649
22/12/2014;0.000951;0.001298
23/12/2014;0.000904;0.001234
24/12/2014;0.000856;0.001169
25/12/2014;0.001047;0.001428
26/12/2014;0.000761;0.001039
27/12/2014;0.000428;0.000584
29/12/2014;0.000761;0.001039
30/12/2014;0.000951;0.001298
02/01/2015;0.000865;0.001236
03/01/2015;0.000692;0.000989
04/01/2015;0.000576;0.000824
05/01/2015;0.000807;0.001154
06/01/2015;0.000807;0.001154
07/01/2015;0.000634;0.000907
08/01/2015;0.001441;0.002061
09/01/2015;0.001038;0.001484
10/01/2015;0.000403;0.000577
11/01/2015;0.000461;0.000659
12/01/2015;0.001038;0.001484
13/01/2015;0.000922;0.001319
14/01/2015;0.001038;0.001484
15/01/2015;0.001095;0.001566
16/01/2015;0.000922;0.001319
17/01/2015;0.000576;0.000824
18/01/2015;0.000461;0.000659
20/01/2015;0.001268;0.001813
21/01/2015;0.000922;0.001319
22/01/2015;0.000922;0.001319
23/01/2015;0.000692;0.000989
24/01/2015;0.000461;0.000659
25/01/2015;0.000403;0.000577
26/01/2015;0.001499;0.002143
27/01/2015;0.000980;0.001401
28/01/2015;0.000922;0.001319
30/01/2015;0.000807;0.001154
31/01/2015;0.000519;0.000742
01/02/2015;0.000519;0.000742
02/02/2015;0.001556;0.002225
03/02/2015;0.001383;0.001978
05/02/2015;0.001210;0.001731
06/02/2015;0.001268;0.001813
07/02/2015;0.000461;0.000659
08/02/2015;0.000461;0.000659
09/02/2015;0.001038;0.001484
10/02/2015;0.001153;0.001648
11/02/2015;0.001153;0.001648
12/02/2015;0.001326;0.001896
13/02/2015;0.001038;0.001484
14/02/2015;0.000461;0.000659
15/02/2015;0.000403;0.000577
16/02/2015;0.000980;0.001401
17/02/2015;0.001038;0.001484
18/02/2015;0.000980;0.001401
19/02/2015;0.000922;0.001319
20/02/2015;0.001326;0.001896
21/02/2015;0.000576;0.000824
22/02/2015;0.000461;0.000659
23/02/2015;0.000922;0.001319
24/02/2015;0.001326;0.001896
25/02/2015;0.001095;0.001566
26/02/2015;0.000980;0.001401
27/02/2015;0.001153;0.001648
28/02/2015;0.000807;0.001154
01/03/2015;0.000519;0.000742
02/03/2015;0.001672;0.002390
03/03/2015;0.001556;0.002225
04/03/2015;0.001326;0.001896
05/03/2015;0.001095;0.001566
06/03/2015;0.001441;0.002061
07/03/2015;0.000922;0.001319
08/03/2015;0.000634;0.000907
09/03/2015;0.001614;0.002308
10/03/2015;0.001729;0.002473
11/03/2015;0.001383;0.001978
12/03/2015;0.001383;0.001978
13/03/2015;0.001672;0.002390
14/03/2015;0.000634;0.000907
15/03/2015;0.001038;0.001484
16/03/2015;0.001441;0.002061
17/03/2015;0.001441;0.002061
18/03/2015;0.001672;0.002390
19/03/2015;0.001441;0.002061
20/03/2015;0.001556;0.002225
21/03/2015;0.000634;0.000907
22/03/2015;0.000634;0.000907
23/03/2015;0.000922;0.001319
25/03/2015;0.001383;0.001978
26/03/2015;0.001038;0.001484
27/03/2015;0.000922;0.001319
28/03/2015;0.000692;0.000989
29/03/2015;0.000749;0.001072
30/03/2015;0.001383;0.001978
31/03/2015;0.001268;0.001813
01/04/2015;0.001556;0.002225
02/04/2015;0.000749;0.001072
03/04/2015;0.000865;0.001236
04/04/2015;0.000519;0.000742
05/04/2015;0.000807;0.001154
07/04/2015;0.001038;0.001484
08/04/2015;0.001210;0.001731
09/04/2015;0.001441;0.002061
11/04/2015;0.000461;0.000659
12/04/2015;0.000634;0.000907
13/04/2015;0.000749;0.001072
14/04/2015;0.001268;0.001813
15/04/2015;0.001095;0.001566
16/04/2015;0.001095;0.001566
17/04/2015;0.000922;0.001319
18/04/2015;0.000461;0.000659
19/04/2015;0.000461;0.000659
20/04/2015;0.001383;0.001978
21/04/2015;0.001210;0.001731
22/04/2015;0.001268;0.001813
23/04/2015;0.000922;0.001319
24/04/2015;0.000865;0.001236
25/04/2015;0.000634;0.000907
26/04/2015;0.000403;0.000577
27/04/2015;0.001095;0.001566
28/04/2015;0.001095;0.001566
30/04/2015;0.001095;0.001566
01/05/2015;0.000749;0.001072
02/05/2015;0.000519;0.000742
06/05/2015;0.000922;0.001319
07/05/2015;0.000980;0.001401
08/05/2015;0.001095;0.001566
09/05/2015;0.000346;0.000495
10/05/2015;0.000807;0.001154
11/05/2015;0.001268;0.001813
12/05/2015;0.000922;0.001319
13/05/2015;0.001326;0.001896
14/05/2015;0.001210;0.001731
15/05/2015;0.001095;0.001566
17/05/2015;0.000403;0.000577
18/05/2015;0.001210;0.001731
19/05/2015;0.000980;0.001401
20/05/2015;0.001268;0.001813
22/05/2015;0.000980;0.001401
23/05/2015;0.000519;0.000742
24/05/2015;0.000346;0.000495
25/05/2015;0.000865;0.001236
26/05/2015;0.000749;0.001072
27/05/2015;0.000980;0.001401
28/05/2015;0.001383;0.001978
29/05/2015;0.000865;0.001236
30/05/2015;0.000519;0.000742
31/05/2015;0.000922;0.001319
01/06/2015;0.001326;0.001896
02/06/2015;0.000922;0.001319
03/06/2015;0.001210;0.001731
05/06/2015;0.000865;0.001236
06/06/2015;0.000461;0.000659
07/06/2015;0.000519;0.000742
08/06/2015;0.000807;0.001154
09/06/2015;0.001095;0.001566
10/06/2015;0.000980;0.001401
11/06/2015;0.001326;0.001896
12/06/2015;0.001038;0.001484
13/06/2015;0.000692;0.000989
14/06/2015;0.000403;0.000577
15/06/2015;0.000922;0.001319
16/06/2015;0.001441;0.002061
17/06/2015;0.001095;0.001566
18/06/2015;0.000980;0.001401
19/06/2015;0.000922;0.001319
20/06/2015;0.000519;0.000742
21/06/2015;0.000634;0.000907
22/06/2015;0.000865;0.001236
23/06/2015;0.001095;0.001566
24/06/2015;0.000980;0.001401
25/06/2015;0.000980;0.001401
26/06/2015;0.001153;0.001648
27/06/2015;0.000576;0.000824
28/06/2015;0.000749;0.001072
29/06/2015;0.001268;0.001813
30/06/2015;0.000980;0.001401
02/07/2015;0.000749;0.001072
03/07/2015;0.001095;0.001566
04/07/2015;0.000288;0.000412
05/07/2015;0.000519;0.000742
06/07/2015;0.001268;0.001813
07/07/2015;0.001326;0.001896
08/07/2015;0.000980;0.001401
09/07/2015;0.001441;0.002061
10/07/2015;0.000922;0.001319
12/07/2015;0.000403;0.000577
13/07/2015;0.001038;0.001484
14/07/2015;0.001038;0.001484
15/07/2015;0.000922;0.001319
16/07/2015;0.001038;0.001484
17/07/2015;0.000865;0.001236
18/07/2015;0.000576;0.000824
19/07/2015;0.000576;0.000824
20/07/2015;0.001326;0.001896
21/07/2015;0.001383;0.001978
22/07/2015;0.001038;0.001484
23/07/2015;0.001095;0.001566
24/07/2015;0.000692;0.000989
25/07/2015;0.000346;0.000495
27/07/2015;0.000980;0.001401
29/07/2015;0.001038;0.001484
30/07/2015;0.001268;0.001813
31/07/2015;0.001095;0.001566
01/08/2015;0.000692;0.000989
02/08/2015;0.000692;0.000989
03/08/2015;0.000749;0.001072
04/08/2015;0.001038;0.001484
05/08/2015;0.000980;0.001401
06/08/2015;0.001095;0.001566
07/08/2015;0.001326;0.001896
09/08/2015;0.000346;0.000495
10/08/2015;0.001499;0.002143
11/08/2015;0.000634;0.000907
12/08/2015;0.001095;0.001566
16/08/2015;0.000519;0.000742
17/08/2015;0.001210;0.001731
18/08/2015;0.000807;0.001154
19/08/2015;0.000807;0.001154
20/08/2015;0.000865;0.001236
22/08/2015;0.000519;0.000742
23/08/2015;0.000519;0.000742
24/08/2015;0.001268;0.001813
25/08/2015;0.000692;0.000989
26/08/2015;0.001153;0.001648
27/08/2015;0.001038;0.001484
28/08/2015;0.000922;0.001319
29/08/2015;0.000461;0.000659
30/08/2015;0.000346;0.000495
31/08/2015;0.000634;0.000907
01/09/2015;0.000922;0.001319
02/09/2015;0.001729;0.002473
03/09/2015;0.000922;0.001319
04/09/2015;0.001095;0.001566
05/09/2015;0.000749;0.001072
06/09/2015;0.000576;0.000824
08/09/2015;0.001326;0.001896
09/09/2015;0.001499;0.002143
10/09/2015;0.000865;0.001236
11/09/2015;0.000807;0.001154
12/09/2015;0.000692;0.000989
13/09/2015;0.000749;0.001072
14/09/2015;0.001383;0.001978
15/09/2015;0.001153;0.001648
16/09/2015;0.001153;0.001648
17/09/2015;0.001095;0.001566
18/09/2015;0.001383;0.001978
19/09/2015;0.000634;0.000907
20/09/2015;0.000634;0.000907
21/09/2015;0.000692;0.000989
22/09/2015;0.001153;0.001648
23/09/2015;0.001556;0.002225
24/09/2015;0.001153;0.001648
25/09/2015;0.001844;0.002638
26/09/2015;0.000634;0.000907
27/09/2015;0.000807;0.001154
28/09/2015;0.001210;0.001731
29/09/2015;0.001210;0.001731
30/09/2015;0.001210;0.001731
01/10/2015;0.001210;0.001731
02/10/2015;0.001614;0.002308
03/10/2015;0.000692;0.000989
04/10/2015;0.000346;0.000495
05/10/2015;0.001268;0.001813
06/10/2015;0.001095;0.001566
07/10/2015;0.001326;0.001896
09/10/2015;0.000807;0.001154
10/10/2015;0.000576;0.000824
11/10/2015;0.000576;0.000824
12/10/2015;0.000922;0.001319
13/10/2015;0.001672;0.002390
14/10/2015;0.001326;0.001896
15/10/2015;0.001095;0.001566
16/10/2015;0.001038;0.001484
17/10/2015;0.000519;0.000742
18/10/2015;0.000519;0.000742
19/10/2015;0.001441;0.002061
20/10/2015;0.000807;0.001154
21/10/2015;0.001095;0.001566
22/10/2015;0.001210;0.001731
23/10/2015;0.001153;0.001648
24/10/2015;0.000403;0.000577
25/10/2015;0.000461;0.000659
26/10/2015;0.000807;0.001154
27/10/2015;0.001210;0.001731
28/10/2015;0.001441;0.002061
29/10/2015;0.001153;0.001648
30/10/2015;0.000922;0.001319
31/10/2015;0.000634;0.000907
01/11/2015;0.000807;0.001154
02/11/2015;0.000922;0.001319
03/11/2015;0.001441;0.002061
04/11/2015;0.001038;0.001484
05/11/2015;0.001038;0.001484
06/11/2015;0.001153;0.001648
07/11/2015;0.000576;0.000824
08/11/2015;0.000346;0.000495
09/11/2015;0.000807;0.001154
10/11/2015;0.001210;0.001731
11/11/2015;0.001153;0.001648
13/11/2015;0.001095;0.001566
14/11/2015;0.000634;0.000907
15/11/2015;0.000403;0.000577
16/11/2015;0.000980;0.001401
17/11/2015;0.000980;0.001401
18/11/2015;0.001268;0.001813
19/11/2015;0.001556;0.002225
20/11/2015;0.001153;0.001648
21/11/2015;0.000576;0.000824
22/11/2015;0.000461;0.000659
23/11/2015;0.001153;0.001648
24/11/2015;0.000865;0.001236
25/11/2015;0.000807;0.001154
26/11/2015;0.001383;0.001978
27/11/2015;0.001441;0.002061
28/11/2015;0.000461;0.000659
29/11/2015;0.000576;0.000824
30/11/2015;0.001153;0.001648
01/12/2015;0.001268;0.001813
02/12/2015;0.001038;0.001484
03/12/2015;0.000922;0.001319
04/12/2015;0.001441;0.002061
05/12/2015;0.000576;0.000824
06/12/2015;0.000634;0.000907
07/12/2015;0.000807;0.001154
08/12/2015;0.000980;0.001401
09/12/2015;0.001153;0.001648
10/12/2015;0.001441;0.002061
11/12/2015;0.001326;0.001896
12/12/2015;0.000807;0.001154
13/12/2015;0.000692;0.000989
14/12/2015;0.001095;0.001566
15/12/2015;0.001268;0.001813
16/12/2015;0.001210;0.001731
17/12/2015;0.001268;0.001813
18/12/2015;0.001614;0.002308
19/12/2015;0.000634;0.000907
20/12/2015;0.000576;0.000824
21/12/2015;0.001441;0.002061
22/12/2015;0.001556;0.002225
23/12/2015;0.001210;0.001731
24/12/2015;0.001153;0.001648
26/12/2015;0.000692;0.000989
28/12/2015;0.001787;0.002555
29/12/2015;0.001326;0.001896
30/12/2015;0.001326;0.001896
02/01/2016;0.000650;0.000917
03/01/2016;0.000390;0.000550
04/01/2016;0.001235;0.001742
05/01/2016;0.001105;0.001559
06/01/2016;0.001105;0.001559
07/01/2016;0.001105;0.001559
08/01/2016;0.000910;0.001284
09/01/2016;0.000520;0.000734
10/01/2016;0.000780;0.001100
11/01/2016;0.000845;0.001192
12/01/2016;0.001495;0.002109
13/01/2016;0.001235;0.001742
14/01/2016;0.001170;0.001651
15/01/2016;0.001170;0.001651
16/01/2016;0.000520;0.000734
17/01/2016;0.000455;0.000642
18/01/2016;0.001170;0.001651
19/01/2016;0.001235;0.001742
20/01/2016;0.001170;0.001651
21/01/2016;0.000975;0.001375
22/01/2016;0.000975;0.001375
23/01/2016;0.000715;0.001009
24/01/2016;0.000585;0.000825
25/01/2016;0.001300;0.001834
26/01/2016;0.000845;0.001192
27/01/2016;0.001105;0.001559
28/01/2016;0.001495;0.002109
29/01/2016;0.000975;0.001375
30/01/2016;0.000585;0.000825
31/01/2016;0.000455;0.000642
01/02/2016;0.001170;0.001651
02/02/2016;0.001300;0.001834
03/02/2016;0.001235;0.001742
05/02/2016;0.000715;0.001009
06/02/2016;0.000585;0.000825
07/02/2016;0.000585;0.000825
09/02/2016;0.001105;0.001559
10/02/2016;0.001170;0.001651
11/02/2016;0.001689;0.002384
12/02/2016;0.001560;0.002201
13/02/2016;0.000520;0.000734
14/02/2016;0.000715;0.001009
15/02/2016;0.001300;0.001834
16/02/2016;0.001365;0.001926
17/02/2016;0.001170;0.001651
18/02/2016;0.001560;0.002201
19/02/2016;0.001625;0.002292
21/02/2016;0.000520;0.000734
22/02/2016;0.001170;0.001651
23/02/2016;0.000975;0.001375
24/02/2016;0.001495;0.002109
25/02/2016;0.001430;0.002017
26/02/2016;0.001300;0.001834
27/02/2016;0.000520;0.000734
28/02/2016;0.000585;0.000825
29/02/2016;0.000845;0.001192
01/03/2016;0.001560;0.002201
02/03/2016;0.001949;0.002751
03/03/2016;0.001819;0.002568
04/03/2016;0.002014;0.002843
05/03/2016;0.000650;0.000917
06/03/2016;0.000780;0.001100
07/03/2016;0.001105;0.001559
08/03/2016;0.001430;0.002017
09/03/2016;0.001495;0.002109
10/03/2016;0.001819;0.002568
11/03/2016;0.002079;0.002934
12/03/2016;0.000715;0.001009
14/03/2016;0.001560;0.002201
15/03/2016;0.001625;0.002292
16/03/2016;0.001949;0.002751
17/03/2016;0.001689;0.002384
18/03/2016;0.001884;0.002659
19/03/2016;0.000715;0.001009
20/03/2016;0.000975;0.001375
21/03/2016;0.001689;0.002384
22/03/2016;0.001625;0.002292
23/03/2016;0.001625;0.002292
24/03/2016;0.001300;0.001834
25/03/2016;0.001884;0.002659
27/03/2016;0.000650;0.000917
28/03/2016;0.001105;0.001559
29/03/2016;0.002144;0.003026
30/03/2016;0.001235;0.001742
31/03/2016;0.001365;0.001926
01/04/2016;0.000975;0.001375
02/04/2016;0.000390;0.000550
03/04/2016;0.000455;0.000642
05/04/2016;0.001105;0.001559
06/04/2016;0.000780;0.001100
07/04/2016;0.000845;0.001192
08/04/2016;0.000910;0.001284
09/04/2016;0.000455;0.000642
10/04/2016;0.000455;0.000642
11/04/2016;0.001105;0.001559
12/04/2016;0.001560;0.002201
13/04/2016;0.001170;0.001651
15/04/2016;0.000845;0.001192
16/04/2016;0.000520;0.000734
17/04/2016;0.000585;0.000825
18/04/2016;0.001170;0.001651
19/04/2016;0.001170;0.001651
20/04/2016;0.000910;0.001284
21/04/2016;0.000845;0.001192
22/04/2016;0.001430;0.002017
24/04/2016;0.000455;0.000642
25/04/2016;0.000910;0.001284
26/04/2016;0.000975;0.001375
28/04/2016;0.000975;0.001375
30/04/2016;0.000520;0.000734
01/05/2016;0.000325;0.000458
02/05/2016;0.001040;0.001467
06/05/2016;0.001040;0.001467
07/05/2016;0.000780;0.001100
08/05/2016;0.000520;0.000734
09/05/2016;0.001365;0.001926
10/05/2016;0.001235;0.001742
11/05/2016;0.000845;0.001192
12/05/2016;0.000910;0.001284
13/05/2016;0.000910;0.001284
14/05/2016;0.000585;0.000825
15/05/2016;0.000910;0.001284
16/05/2016;0.001170;0.001651
17/05/2016;0.001105;0.001559
18/05/2016;0.001235;0.001742
19/05/2016;0.001040;0.001467
20/05/2016;0.001040;0.001467
21/05/2016;0.000520;0.000734
22/05/2016;0.000780;0.001100
24/05/2016;0.001105;0.001559
26/05/2016;0.000910;0.001284
27/05/2016;0.000910;0.001284
28/05/2016;0.000455;0.000642
29/05/2016;0.000390;0.000550
31/05/2016;0.000780;0.001100
01/06/2016;0.001170;0.001651
02/06/2016;0.001235;0.001742
03/06/2016;0.001430;0.002017
04/06/2016;0.000585;0.000825
05/06/2016;0.000845;0.001192
06/06/2016;0.001105;0.001559
07/06/2016;0.001689;0.002384
08/06/2016;0.001430;0.002017
09/06/2016;0.001300;0.001834
10/06/2016;0.001105;0.001559
11/06/2016;0.000650;0.000917
12/06/2016;0.000585;0.000825
13/06/2016;0.001495;0.002109
14/06/2016;0.001300;0.001834
15/06/2016;0.001300;0.001834
16/06/2016;0.001625;0.002292
17/06/2016;0.001040;0.001467
18/06/2016;0.000585;0.000825
20/06/2016;0.001495;0.002109
21/06/2016;0.001170;0.001651
22/06/2016;0.001365;0.001926
23/06/2016;0.001235;0.001742
24/06/2016;0.001105;0.001559
25/06/2016;0.000975;0.001375
26/06/2016;0.000845;0.001192
27/06/2016;0.001040;0.001467
28/06/2016;0.001170;0.001651
29/06/2016;0.001430;0.002017
30/06/2016;0.001365;0.001926
01/07/2016;0.000975;0.001375
03/07/2016;0.000455;0.000642
04/07/2016;0.001170;0.001651
05/07/2016;0.001300;0.001834
06/07/2016;0.001170;0.001651
07/07/2016;0.001430;0.002017
08/07/2016;0.001170;0.001651
09/07/2016;0.000455;0.000642
10/07/2016;0.000325;0.000458
12/07/2016;0.001105;0.001559
13/07/2016;0.001105;0.001559
14/07/2016;0.001105;0.001559
15/07/2016;0.001235;0.001742
16/07/2016;0.000650;0.000917
17/07/2016;0.000650;0.000917
18/07/2016;0.000845;0.001192
19/07/2016;0.001235;0.001742
21/07/2016;0.001040;0.001467
22/07/2016;0.001300;0.001834
23/07/2016;0.000520;0.000734
24/07/2016;0.000650;0.000917
25/07/2016;0.001300;0.001834
26/07/2016;0.001300;0.001834
27/07/2016;0.001235;0.001742
28/07/2016;0.001300;0.001834
29/07/2016;0.001495;0.002109
30/07/2016;0.000390;0.000550
31/07/2016;0.000650;0.000917
01/08/2016;0.001625;0.002292
02/08/2016;0.000910;0.001284
03/08/2016;0.001365;0.001926
04/08/2016;0.001689;0.002384
05/08/2016;0.001430;0.002017
06/08/2016;0.000650;0.000917
07/08/2016;0.000585;0.000825
09/08/2016;0.001819;0.002568
10/08/2016;0.001170;0.001651
11/08/2016;0.001365;0.001926
12/08/2016;0.001365;0.001926
16/08/2016;0.001430;0.002017
17/08/2016;0.001365;0.001926
18/08/2016;0.000975;0.001375
19/08/2016;0.001560;0.002201
20/08/2016;0.000715;0.001009
21/08/2016;0.000390;0.000550
22/08/2016;0.001235;0.001742
23/08/2016;0.001365;0.001926
24/08/2016;0.001170;0.001651
25/08/2016;0.001170;0.001651
26/08/2016;0.001495;0.002109
27/08/2016;0.000585;0.000825
28/08/2016;0.000715;0.001009
29/08/2016;0.000715;0.001009
30/08/2016;0.001365;0.001926
31/08/2016;0.001365;0.001926
01/09/2016;0.001235;0.001742
02/09/2016;0.001495;0.002109
03/09/2016;0.000520;0.000734
04/09/2016;0.000585;0.000825
05/09/2016;0.001365;0.001926
06/09/2016;0.001689;0.002384
07/09/2016;0.001495;0.002109
08/09/2016;0.001625;0.002292
09/09/2016;0.001754;0.002476
10/09/2016;0.000715;0.001009
11/09/2016;0.000910;0.001284
12/09/2016;0.001105;0.001559
13/09/2016;0.000975;0.001375
14/09/2016;0.001300;0.001834
15/09/2016;0.001884;0.002659
16/09/2016;0.001495;0.002109
17/09/2016;0.000715;0.001009
18/09/2016;0.000650;0.000917
19/09/2016;0.001819;0.002568
20/09/2016;0.000780;0.001100
21/09/2016;0.001430;0.002017
22/09/2016;0.001689;0.002384
23/09/2016;0.001689;0.002384
24/09/2016;0.000715;0.001009
25/09/2016;0.000845;0.001192
26/09/2016;0.001754;0.002476
27/09/2016;0.001884;0.002659
28/09/2016;0.001625;0.002292
29/09/2016;0.001365;0.001926
30/09/2016;0.001689;0.002384
02/10/2016;0.000390;0.000550
03/10/2016;0.000910;0.001284
04/10/2016;0.000910;0.001284
05/10/2016;0.000845;0.001192
06/10/2016;0.001560;0.002201
07/10/2016;0.000975;0.001375
08/10/2016;0.000845;0.001192
09/10/2016;0.000520;0.000734
10/10/2016;0.000715;0.001009
11/10/2016;0.001170;0.001651
12/10/2016;0.000715;0.001009
14/10/2016;0.001040;0.001467
15/10/2016;0.000715;0.001009
16/10/2016;0.000455;0.000642
17/10/2016;0.001105;0.001559
18/10/2016;0.000975;0.001375
19/10/2016;0.001040;0.001467
20/10/2016;0.001170;0.001651
21/10/2016;0.001235;0.001742
22/10/2016;0.000455;0.000642
23/10/2016;0.000520;0.000734
24/10/2016;0.001170;0.001651
27/10/2016;0.001560;0.002201
28/10/2016;0.001430;0.002017
29/10/2016;0.000650;0.000917
30/10/2016;0.000650;0.000917
31/10/2016;0.001300;0.001834
02/11/2016;0.001495;0.002109
03/11/2016;0.001300;0.001834
04/11/2016;0.001235;0.001742
05/11/2016;0.000585;0.000825
06/11/2016;0.000585;0.000825
07/11/2016;0.000910;0.001284
08/11/2016;0.001300;0.001834
09/11/2016;0.001300;0.001834
10/11/2016;0.001430;0.002017
11/11/2016;0.001300;0.001834
12/11/2016;0.000455;0.000642
13/11/2016;0.000715;0.001009
14/11/2016;0.001689;0.002384
15/11/2016;0.001040;0.001467
16/11/2016;0.001235;0.001742
17/11/2016;0.001365;0.001926
18/11/2016;0.001625;0.002292
19/11/2016;0.000650;0.000917
20/11/2016;0.000650;0.000917
21/11/2016;0.001625;0.002292
22/11/2016;0.001365;0.001926
23/11/2016;0.001430;0.002017
24/11/2016;0.001495;0.002109
25/11/2016;0.000910;0.001284
26/11/2016;0.000780;0.001100
27/11/2016;0.000585;0.000825
28/11/2016;0.001235;0.001742
29/11/2016;0.001365;0.001926
30/11/2016;0.001365;0.001926
01/12/2016;0.001300;0.001834
02/12/2016;0.001040;0.001467
04/12/2016;0.000715;0.001009
05/12/2016;0.001430;0.002017
06/12/2016;0.001495;0.002109
07/12/2016;0.001689;0.002384
08/12/2016;0.001495;0.002109
09/12/2016;0.001300;0.001834
10/12/2016;0.000780;0.001100
11/12/2016;0.000390;0.000550
12/12/2016;0.001560;0.002201
13/12/2016;0.001430;0.002017
14/12/2016;0.001625;0.002292
15/12/2016;0.001365;0.001926
16/12/2016;0.001105;0.001559
17/12/2016;0.000910;0.001284
18/12/2016;0.000780;0.001100
19/12/2016;0.001300;0.001834
20/12/2016;0.001819;0.002568
21/12/2016;0.001495;0.002109
22/12/2016;0.001235;0.001742
23/12/2016;0.001495;0.002109
24/12/2016;0.000780;0.001100
25/12/2016;0.000780;0.001100
26/12/2016;0.001560;0.002201
27/12/2016;0.001105;0.001559
28/12/2016;0.001430;0.002017
29/12/2016;0.001365;0.001926
30/12/2016;0.001495;0.002109
02/01/2017;0.001263;0.001790
03/01/2017;0.001444;0.002046
04/01/2017;0.001143;0.001620
05/01/2017;0.001143;0.001620
06/01/2017;0.001383;0.001961
07/01/2017;0.000602;0.000852
08/01/2017;0.000662;0.000938
09/01/2017;0.000902;0.001279
11/01/2017;0.001203;0.001705
12/01/2017;0.001323;0.001875
13/01/2017;0.001323;0.001875
14/01/2017;0.000481;0.000682
15/01/2017;0.000662;0.000938
16/01/2017;0.001203;0.001705
18/01/2017;0.000722;0.001023
19/01/2017;0.001083;0.001534
20/01/2017;0.000902;0.001279
22/01/2017;0.000722;0.001023
23/01/2017;0.001564;0.002216
24/01/2017;0.001143;0.001620
25/01/2017;0.000962;0.001364
26/01/2017;0.001444;0.002046
27/01/2017;0.000902;0.001279
28/01/2017;0.000481;0.000682
29/01/2017;0.000782;0.001108
30/01/2017;0.001263;0.001790
31/01/2017;0.001323;0.001875
01/02/2017;0.001444;0.002046
02/02/2017;0.000962;0.001364
03/02/2017;0.000902;0.001279
04/02/2017;0.000662;0.000938
05/02/2017;0.000722;0.001023
06/02/2017;0.000962;0.001364
07/02/2017;0.001263;0.001790
08/02/2017;0.001323;0.001875
09/02/2017;0.001263;0.001790
10/02/2017;0.001263;0.001790
11/02/2017;0.000481;0.000682
12/02/2017;0.000481;0.000682
13/02/2017;0.001263;0.001790
14/02/2017;0.001263;0.001790
15/02/2017;0.001083;0.001534
16/02/2017;0.001564;0.002216
17/02/2017;0.001083;0.001534
18/02/2017;0.000602;0.000852
19/02/2017;0.000421;0.000597
20/02/2017;0.001023;0.001449
21/02/2017;0.001203;0.001705
22/02/2017;0.001143;0.001620
23/02/2017;0.001083;0.001534
24/02/2017;0.001203;0.001705
25/02/2017;0.000541;0.000767
26/02/2017;0.000541;0.000767
27/02/2017;0.001263;0.001790
28/02/2017;0.000902;0.001279
01/03/2017;0.001684;0.002387
03/03/2017;0.001744;0.002472
04/03/2017;0.001203;0.001705
05/03/2017;0.000722;0.001023
06/03/2017;0.001504;0.002131
07/03/2017;0.001323;0.001875
08/03/2017;0.001925;0.002728
09/03/2017;0.001865;0.002642
10/03/2017;0.001203;0.001705
11/03/2017;0.000722;0.001023
12/03/2017;0.000722;0.001023
13/03/2017;0.001684;0.002387
14/03/2017;0.001804;0.002557
16/03/2017;0.001865;0.002642
17/03/2017;0.001684;0.002387
18/03/2017;0.000902;0.001279
19/03/2017;0.000662;0.000938
20/03/2017;0.001504;0.002131
21/03/2017;0.001684;0.002387
22/03/2017;0.001925;0.002728
23/03/2017;0.002105;0.002983
24/03/2017;0.001744;0.002472
25/03/2017;0.000722;0.001023
26/03/2017;0.000842;0.001193
27/03/2017;0.001023;0.001449
28/03/2017;0.001203;0.001705
29/03/2017;0.001744;0.002472
30/03/2017;0.001624;0.002301
31/03/2017;0.001624;0.002301
01/04/2017;0.000602;0.000852
02/04/2017;0.000541;0.000767
03/04/2017;0.001143;0.001620
04/04/2017;0.001624;0.002301
05/04/2017;0.001023;0.001449
06/04/2017;0.000962;0.001364
07/04/2017;0.000962;0.001364
08/04/2017;0.000842;0.001193
09/04/2017;0.000842;0.001193
11/04/2017;0.001684;0.002387
12/04/2017;0.001203;0.001705
13/04/2017;0.001263;0.001790
14/04/2017;0.001203;0.001705
15/04/2017;0.000722;0.001023
16/04/2017;0.000602;0.000852
17/04/2017;0.001444;0.002046
18/04/2017;0.001203;0.001705
19/04/2017;0.001684;0.002387
20/04/2017;0.001564;0.002216
21/04/2017;0.001383;0.001961
22/04/2017;0.001023;0.001449
23/04/2017;0.000662;0.000938
24/04/2017;0.001624;0.002301
25/04/2017;0.001804;0.002557
26/04/2017;0.001203;0.001705
27/04/2017;0.001564;0.002216
28/04/2017;0.001383;0.001961
30/04/2017;0.000722;0.001023
01/05/2017;0.001383;0.001961
02/05/2017;0.001143;0.001620
06/05/2017;0.000541;0.000767
07/05/2017;0.000722;0.001023
08/05/2017;0.001143;0.001620
09/05/2017;0.001083;0.001534
10/05/2017;0.001023;0.001449
11/05/2017;0.001504;0.002131
12/05/2017;0.001323;0.001875
13/05/2017;0.000602;0.000852
14/05/2017;0.000481;0.000682
15/05/2017;0.001263;0.001790
16/05/2017;0.001083;0.001534
17/05/2017;0.000902;0.001279
18/05/2017;0.001143;0.001620
19/05/2017;0.001143;0.001620
20/05/2017;0.000541;0.000767
21/05/2017;0.000662;0.000938
22/05/2017;0.000662;0.000938
23/05/2017;0.001323;0.001875
24/05/2017;0.001023;0.001449
25/05/2017;0.000962;0.001364
27/05/2017;0.000662;0.000938
28/05/2017;0.000541;0.000767
29/05/2017;0.000962;0.001364
30/05/2017;0.001323;0.001875
01/06/2017;0.001444;0.002046
02/06/2017;0.001624;0.002301
03/06/2017;0.000602;0.000852
04/06/2017;0.000662;0.000938
05/06/2017;0.001744;0.002472
06/06/2017;0.001203;0.001705
07/06/2017;0.001323;0.001875
08/06/2017;0.001383;0.001961
09/06/2017;0.000782;0.001108
10/06/2017;0.000602;0.000852
11/06/2017;0.000662;0.000938
12/06/2017;0.001564;0.002216
13/06/2017;0.001444;0.002046
14/06/2017;0.001323;0.001875
15/06/2017;0.001203;0.001705
16/06/2017;0.001083;0.001534
17/06/2017;0.000602;0.000852
18/06/2017;0.000541;0.000767
19/06/2017;0.001023;0.001449
20/06/2017;0.001504;0.002131
21/06/2017;0.001383;0.001961
22/06/2017;0.001564;0.002216
23/06/2017;0.001383;0.001961
24/06/2017;0.000722;0.001023
25/06/2017;0.000962;0.001364
27/06/2017;0.001504;0.002131
28/06/2017;0.001564;0.002216
29/06/2017;0.001444;0.002046
30/06/2017;0.000962;0.001364
01/07/2017;0.000602;0.000852
02/07/2017;0.000541;0.000767
03/07/2017;0.000782;0.001108
04/07/2017;0.001023;0.001449
05/07/2017;0.001023;0.001449
07/07/2017;0.001444;0.002046
08/07/2017;0.000602;0.000852
09/07/2017;0.000662;0.000938
10/07/2017;0.001023;0.001449
11/07/2017;0.001203;0.001705
12/07/2017;0.001444;0.002046
13/07/2017;0.001263;0.001790
14/07/2017;0.001383;0.001961
15/07/2017;0.000962;0.001364
16/07/2017;0.000481;0.000682
17/07/2017;0.001263;0.001790
18/07/2017;0.000902;0.001279
19/07/2017;0.001023;0.001449
20/07/2017;0.001504;0.002131
22/07/2017;0.000782;0.001108
23/07/2017;0.000541;0.000767
24/07/2017;0.001444;0.002046
25/07/2017;0.001023;0.001449
26/07/2017;0.001143;0.001620
27/07/2017;0.001444;0.002046
28/07/2017;0.001684;0.002387
29/07/2017;0.000541;0.000767
31/07/2017;0.001143;0.001620
01/08/2017;0.001684;0.002387
02/08/2017;0.001383;0.001961
03/08/2017;0.000902;0.001279
04/08/2017;0.001083;0.001534
05/08/2017;0.000782;0.001108
07/08/2017;0.001564;0.002216
08/08/2017;0.001083;0.001534
09/08/2017;0.001203;0.001705
10/08/2017;0.001143;0.001620
12/08/2017;0.000602;0.000852
16/08/2017;0.001143;0.001620
17/08/2017;0.001263;0.001790
18/08/2017;0.001444;0.002046
19/08/2017;0.000962;0.001364
20/08/2017;0.000541;0.000767
21/08/2017;0.001444;0.002046
22/08/2017;0.001263;0.001790
23/08/2017;0.001323;0.001875
25/08/2017;0.001624;0.002301
26/08/2017;0.000662;0.000938
27/08/2017;0.000541;0.000767
28/08/2017;0.001023;0.001449
29/08/2017;0.001684;0.002387
30/08/2017;0.001504;0.002131
31/08/2017;0.001323;0.001875
01/09/2017;0.001865;0.002642
02/09/2017;0.000782;0.001108
03/09/2017;0.000902;0.001279
05/09/2017;0.001383;0.001961
06/09/2017;0.001985;0.002813
07/09/2017;0.001263;0.001790
08/09/2017;0.001083;0.001534
09/09/2017;0.000662;0.000938
10/09/2017;0.000602;0.000852
11/09/2017;0.001263;0.001790
12/09/2017;0.001865;0.002642
13/09/2017;0.001504;0.002131
14/09/2017;0.001203;0.001705
15/09/2017;0.001564;0.002216
16/09/2017;0.000602;0.000852
17/09/2017;0.000782;0.001108
18/09/2017;0.001985;0.002813
19/09/2017;0.001985;0.002813
20/09/2017;0.001624;0.002301
21/09/2017;0.001444;0.002046
22/09/2017;0.001504;0.002131
23/09/2017;0.000842;0.001193
24/09/2017;0.000782;0.001108
25/09/2017;0.001444;0.002046
26/09/2017;0.001383;0.001961
27/09/2017;0.001504;0.002131
28/09/2017;0.001023;0.001449
29/09/2017;0.001383;0.001961
30/09/2017;0.000722;0.001023
01/10/2017;0.000602;0.000852
02/10/2017;0.001203;0.001705
03/10/2017;0.001263;0.001790
04/10/2017;0.001143;0.001620
05/10/2017;0.001143;0.001620
06/10/2017;0.000842;0.001193
07/10/2017;0.000602;0.000852
08/10/2017;0.000782;0.001108
09/10/2017;0.001804;0.002557
10/10/2017;0.001023;0.001449
11/10/2017;0.001143;0.001620
12/10/2017;0.001744;0.002472
13/10/2017;0.001203;0.001705
14/10/2017;0.000602;0.000852
15/10/2017;0.000602;0.000852
16/10/2017;0.001203;0.001705
17/10/2017;0.001203;0.001705
18/10/2017;0.001263;0.001790
19/10/2017;0.001023;0.001449
20/10/2017;0.001203;0.001705
21/10/2017;0.000722;0.001023
22/10/2017;0.000662;0.000938
23/10/2017;0.001323;0.001875
24/10/2017;0.002045;0.002898
25/10/2017;0.001564;0.002216
27/10/2017;0.001383;0.001961
28/10/2017;0.000602;0.000852
29/10/2017;0.000902;0.001279
31/10/2017;0.001263;0.001790
01/11/2017;0.001143;0.001620
02/11/2017;0.000962;0.001364
03/11/2017;0.001323;0.001875
04/11/2017;0.000662;0.000938
05/11/2017;0.000842;0.001193
06/11/2017;0.001143;0.001620
07/11/2017;0.001865;0.002642
08/11/2017;0.001083;0.001534
09/11/2017;0.001263;0.001790
10/11/2017;0.001383;0.001961
11/11/2017;0.000662;0.000938
12/11/2017;0.000722;0.001023
14/11/2017;0.001624;0.002301
16/11/2017;0.001203;0.001705
17/11/2017;0.001504;0.002131
18/11/2017;0.000842;0.001193
19/11/2017;0.000481;0.000682
20/11/2017;0.001744;0.002472
21/11/2017;0.001143;0.001620
22/11/2017;0.001203;0.001705
23/11/2017;0.001624;0.002301
24/11/2017;0.000962;0.001364
25/11/2017;0.000782;0.001108
26/11/2017;0.000602;0.000852
27/11/2017;0.001383;0.001961
28/11/2017;0.001323;0.001875
29/11/2017;0.000902;0.001279
30/11/2017;0.001203;0.001705
01/12/2017;0.001263;0.001790
03/12/2017;0.000962;0.001364
04/12/2017;0.001504;0.002131
05/12/2017;0.001444;0.002046
06/12/2017;0.001444;0.002046
07/12/2017;0.001804;0.002557
08/12/2017;0.001263;0.001790
09/12/2017;0.000782;0.001108
11/12/2017;0.001744;0.002472
12/12/2017;0.001624;0.002301
13/12/2017;0.001744;0.002472
14/12/2017;0.001323;0.001875
15/12/2017;0.001564;0.002216
16/12/2017;0.000842;0.001193
17/12/2017;0.000662;0.000938
18/12/2017;0.001323;0.001875
19/12/2017;0.001504;0.002131
20/12/2017;0.001684;0.002387
21/12/2017;0.001383;0.001961
22/12/2017;0.001023;0.001449
23/12/2017;0.000602;0.000852
24/12/2017;0.000662;0.000938
25/12/2017;0.001504;0.002131
26/12/2017;0.001383;0.001961
27/12/2017;0.001504;0.002131
28/12/2017;0.001383;0.001961
29/12/2017;0.001804;0.002557
30/12/2017;0.000782;0.001108
02/01/2018;0.001411;0.002050
03/01/2018;0.001129;0.001640
04/01/2018;0.001354;0.001968
05/01/2018;0.001298;0.001886
06/01/2018;0.000903;0.001312
07/01/2018;0.000508;0.000738
08/01/2018;0.001919;0.002788
09/01/2018;0.001072;0.001558
10/01/2018;0.000790;0.001148
11/01/2018;0.001467;0.002132
12/01/2018;0.001919;0.002788
13/01/2018;0.000677;0.000984
14/01/2018;0.000621;0.000902
15/01/2018;0.001862;0.002706
16/01/2018;0.001298;0.001886
17/01/2018;0.000903;0.001312
18/01/2018;0.001693;0.002460
19/01/2018;0.001693;0.002460
20/01/2018;0.000790;0.001148
21/01/2018;0.000790;0.001148
22/01/2018;0.001411;0.002050
23/01/2018;0.001129;0.001640
24/01/2018;0.001241;0.001804
25/01/2018;0.000903;0.001312
26/01/2018;0.001467;0.002132
27/01/2018;0.000846;0.001230
28/01/2018;0.000621;0.000902
29/01/2018;0.001354;0.001968
30/01/2018;0.001636;0.002378
31/01/2018;0.001298;0.001886
01/02/2018;0.001693;0.002460
02/02/2018;0.001354;0.001968
03/02/2018;0.000621;0.000902
04/02/2018;0.000903;0.001312
05/02/2018;0.001467;0.002132
06/02/2018;0.001862;0.002706
07/02/2018;0.001693;0.002460
08/02/2018;0.001185;0.001722
09/02/2018;0.001467;0.002132
10/02/2018;0.000621;0.000902
11/02/2018;0.000621;0.000902
12/02/2018;0.001298;0.001886
13/02/2018;0.001524;0.002214
14/02/2018;0.001693;0.002460
15/02/2018;0.001129;0.001640
16/02/2018;0.001693;0.002460
17/02/2018;0.000621;0.000902
18/02/2018;0.000734;0.001066
19/02/2018;0.001185;0.001722
20/02/2018;0.001580;0.002296
21/02/2018;0.001467;0.002132
22/02/2018;0.001467;0.002132
23/02/2018;0.001354;0.001968
24/02/2018;0.000621;0.000902
25/02/2018;0.000564;0.000820
26/02/2018;0.000959;0.001394
27/02/2018;0.001354;0.001968
28/02/2018;0.001411;0.002050
01/03/2018;0.001919;0.002788
02/03/2018;0.001580;0.002296
03/03/2018;0.000846;0.001230
04/03/2018;0.001016;0.001476
05/03/2018;0.001919;0.002788
06/03/2018;0.001636;0.002378
07/03/2018;0.001693;0.002460
08/03/2018;0.001749;0.002542
09/03/2018;0.001806;0.002624
10/03/2018;0.000734;0.001066
11/03/2018;0.001016;0.001476
12/03/2018;0.002031;0.002952
13/03/2018;0.002426;0.003526
14/03/2018;0.001354;0.001968
15/03/2018;0.001241;0.001804
16/03/2018;0.001862;0.002706
17/03/2018;0.000790;0.001148
18/03/2018;0.000903;0.001312
19/03/2018;0.001354;0.001968
20/03/2018;0.001749;0.002542
21/03/2018;0.002483;0.003608
22/03/2018;0.002201;0.003198
23/03/2018;0.001580;0.002296
24/03/2018;0.001072;0.001558
25/03/2018;0.000846;0.001230
26/03/2018;0.001919;0.002788
27/03/2018;0.001636;0.002378
28/03/2018;0.001636;0.002378
29/03/2018;0.001467;0.002132
30/03/2018;0.002088;0.003034
31/03/2018;0.000903;0.001312
01/04/2018;0.000903;0.001312
02/04/2018;0.001580;0.002296
03/04/2018;0.001693;0.002460
04/04/2018;0.001524;0.002214
05/04/2018;0.001298;0.001886
06/04/2018;0.001580;0.002296
07/04/2018;0.000621;0.000902
08/04/2018;0.000959;0.001394
09/04/2018;0.001185;0.001722
10/04/2018;0.001524;0.002214
11/04/2018;0.001298;0.001886
12/04/2018;0.001693;0.002460
13/04/2018;0.001241;0.001804
14/04/2018;0.000790;0.001148
15/04/2018;0.000959;0.001394
16/04/2018;0.001185;0.001722
17/04/2018;0.001467;0.002132
18/04/2018;0.001411;0.002050
19/04/2018;0.001580;0.002296
20/04/2018;0.001524;0.002214
21/04/2018;0.000734;0.001066
22/04/2018;0.000621;0.000902
23/04/2018;0.001185;0.001722
24/04/2018;0.001185;0.001722
25/04/2018;0.001862;0.002706
26/04/2018;0.001580;0.002296
27/04/2018;0.001354;0.001968
28/04/2018;0.000677;0.000984
30/04/2018;0.001467;0.002132
01/05/2018;0.001241;0.001804
02/05/2018;0.001185;0.001722
06/05/2018;0.000734;0.001066
07/05/2018;0.000903;0.001312
08/05/2018;0.000790;0.001148
09/05/2018;0.001806;0.002624
10/05/2018;0.001185;0.001722
11/05/2018;0.001975;0.002870
13/05/2018;0.000734;0.001066
14/05/2018;0.001636;0.002378
15/05/2018;0.001749;0.002542
16/05/2018;0.001862;0.002706
17/05/2018;0.001580;0.002296
18/05/2018;0.001298;0.001886
19/05/2018;0.000959;0.001394
20/05/2018;0.000734;0.001066
21/05/2018;0.001524;0.002214
22/05/2018;0.001241;0.001804
23/05/2018;0.001298;0.001886
24/05/2018;0.001862;0.002706
25/05/2018;0.001072;0.001558
26/05/2018;0.000621;0.000902
27/05/2018;0.000677;0.000984
28/05/2018;0.001072;0.001558
29/05/2018;0.000903;0.001312
30/05/2018;0.001185;0.001722
31/05/2018;0.001524;0.002214
01/06/2018;0.001072;0.001558
02/06/2018;0.000790;0.001148
03/06/2018;0.000621;0.000902
04/06/2018;0.001129;0.001640
05/06/2018;0.002144;0.003116
06/06/2018;0.001072;0.001558
07/06/2018;0.001354;0.001968
08/06/2018;0.001693;0.002460
09/06/2018;0.000677;0.000984
10/06/2018;0.000677;0.000984
12/06/2018;0.001354;0.001968
13/06/2018;0.001354;0.001968
14/06/2018;0.001241;0.001804
15/06/2018;0.001862;0.002706
16/06/2018;0.000790;0.001148
17/06/2018;0.000564;0.000820
18/06/2018;0.002031;0.002952
19/06/2018;0.001749;0.002542
20/06/2018;0.001693;0.002460
21/06/2018;0.001806;0.002624
22/06/2018;0.001411;0.002050
23/06/2018;0.000621;0.000902
24/06/2018;0.000677;0.000984
25/06/2018;0.001524;0.002214
26/06/2018;0.001524;0.002214
27/06/2018;0.001241;0.001804
28/06/2018;0.001749;0.002542
29/06/2018;0.001580;0.002296
30/06/2018;0.000734;0.001066
01/07/2018;0.000564;0.000820
02/07/2018;0.001354;0.001968
03/07/2018;0.001185;0.001722
04/07/2018;0.001693;0.002460
05/07/2018;0.001185;0.001722
06/07/2018;0.001580;0.002296
07/07/2018;0.000677;0.000984
08/07/2018;0.000846;0.001230
09/07/2018;0.001467;0.002132
10/07/2018;0.001467;0.002132
11/07/2018;0.001693;0.002460
12/07/2018;0.001749;0.002542
13/07/2018;0.001862;0.002706
14/07/2018;0.000564;0.000820
15/07/2018;0.000621;0.000902
16/07/2018;0.001467;0.002132
17/07/2018;0.001580;0.002296
18/07/2018;0.001467;0.002132
19/07/2018;0.001354;0.001968
20/07/2018;0.001241;0.001804
21/07/2018;0.000790;0.001148
22/07/2018;0.000564;0.000820
23/07/2018;0.001016;0.001476
24/07/2018;0.001749;0.002542
25/07/2018;0.001354;0.001968
26/07/2018;0.001016;0.001476
27/07/2018;0.001354;0.001968
28/07/2018;0.000846;0.001230
29/07/2018;0.000621;0.000902
30/07/2018;0.001072;0.001558
31/07/2018;0.001241;0.001804
01/08/2018;0.001749;0.002542
02/08/2018;0.001072;0.001558
03/08/2018;0.001411;0.002050
04/08/2018;0.001016;0.001476
05/08/2018;0.000621;0.000902
06/08/2018;0.001411;0.002050
07/08/2018;0.001298;0.001886
08/08/2018;0.001467;0.002132
09/08/2018;0.001693;0.002460
10/08/2018;0.001524;0.002214
11/08/2018;0.000903;0.001312
12/08/2018;0.000621;0.000902
16/08/2018;0.001411;0.002050
18/08/2018;0.000508;0.000738
19/08/2018;0.000621;0.000902
20/08/2018;0.001016;0.001476
21/08/2018;0.001354;0.001968
23/08/2018;0.001241;0.001804
24/08/2018;0.001354;0.001968
25/08/2018;0.001016;0.001476
26/08/2018;0.000677;0.000984
27/08/2018;0.001467;0.002132
28/08/2018;0.001298;0.001886
29/08/2018;0.001693;0.002460
30/08/2018;0.001636;0.002378
31/08/2018;0.001241;0.001804
01/09/2018;0.000508;0.000738
02/09/2018;0.000677;0.000984
03/09/2018;0.001636;0.002378
04/09/2018;0.001636;0.002378
05/09/2018;0.001354;0.001968
06/09/2018;0.001862;0.002706
07/09/2018;0.001975;0.002870
08/09/2018;0.000677;0.000984
09/09/2018;0.000903;0.001312
10/09/2018;0.001298;0.001886
11/09/2018;0.000959;0.001394
12/09/2018;0.001467;0.002132
13/09/2018;0.001749;0.002542
14/09/2018;0.002088;0.003034
15/09/2018;0.000846;0.001230
16/09/2018;0.000790;0.001148
17/09/2018;0.002031;0.002952
18/09/2018;0.001411;0.002050
19/09/2018;0.002144;0.003116
20/09/2018;0.002031;0.002952
21/09/2018;0.001975;0.002870
22/09/2018;0.000959;0.001394
23/09/2018;0.001016;0.001476
24/09/2018;0.001806;0.002624
25/09/2018;0.001580;0.002296
26/09/2018;0.001467;0.002132
27/09/2018;0.001524;0.002214
28/09/2018;0.001693;0.002460
29/09/2018;0.001016;0.001476
30/09/2018;0.000790;0.001148
01/10/2018;0.001580;0.002296
02/10/2018;0.001354;0.001968
03/10/2018;0.001411;0.002050
04/10/2018;0.001354;0.001968
05/10/2018;0.001524;0.002214
06/10/2018;0.000790;0.001148
07/10/2018;0.001016;0.001476
09/10/2018;0.001185;0.001722
11/10/2018;0.001016;0.001476
12/10/2018;0.000846;0.001230
13/10/2018;0.000846;0.001230
14/10/2018;0.000790;0.001148
15/10/2018;0.001129;0.001640
16/10/2018;0.001411;0.002050
17/10/2018;0.001411;0.002050
18/10/2018;0.001749;0.002542
19/10/2018;0.001354;0.001968
20/10/2018;0.000564;0.000820
21/10/2018;0.000790;0.001148
22/10/2018;0.001580;0.002296
23/10/2018;0.001749;0.002542
24/10/2018;0.001411;0.002050
25/10/2018;0.001636;0.002378
26/10/2018;0.001185;0.001722
27/10/2018;0.001016;0.001476
28/10/2018;0.000846;0.001230
29/10/2018;0.001524;0.002214
30/10/2018;0.001636;0.002378
31/10/2018;0.001354;0.001968
01/11/2018;0.001580;0.002296
02/11/2018;0.001862;0.002706
03/11/2018;0.000564;0.000820
04/11/2018;0.000508;0.000738
05/11/2018;0.001693;0.002460
06/11/2018;0.001636;0.002378
08/11/2018;0.001749;0.002542
09/11/2018;0.001411;0.002050
10/11/2018;0.000621;0.000902
11/11/2018;0.001016;0.001476
13/11/2018;0.001693;0.002460
14/11/2018;0.002088;0.003034
15/11/2018;0.001862;0.002706
16/11/2018;0.001693;0.002460
17/11/2018;0.000790;0.001148
18/11/2018;0.000790;0.001148
19/11/2018;0.001354;0.001968
20/11/2018;0.001749;0.002542
21/11/2018;0.001580;0.002296
22/11/2018;0.001411;0.002050
23/11/2018;0.001524;0.002214
24/11/2018;0.000621;0.000902
25/11/2018;0.000395;0.000574
26/11/2018;0.001693;0.002460
27/11/2018;0.001580;0.002296
28/11/2018;0.001072;0.001558
29/11/2018;0.001693;0.002460
30/11/2018;0.001467;0.002132
01/12/2018;0.001016;0.001476
02/12/2018;0.000621;0.000902
04/12/2018;0.001467;0.002132
05/12/2018;0.001524;0.002214
06/12/2018;0.001749;0.002542
07/12/2018;0.001806;0.002624
08/12/2018;0.000903;0.001312
09/12/2018;0.000677;0.000984
10/12/2018;0.001580;0.002296
11/12/2018;0.001524;0.002214
12/12/2018;0.001806;0.002624
13/12/2018;0.001693;0.002460
14/12/2018;0.001806;0.002624
15/12/2018;0.000734;0.001066
16/12/2018;0.000959;0.001394
17/12/2018;0.001749;0.002542
18/12/2018;0.002144;0.003116
19/12/2018;0.001580;0.002296
20/12/2018;0.001862;0.002706
21/12/2018;0.001298;0.001886
22/12/2018;0.000734;0.001066
23/12/2018;0.001016;0.001476
24/12/2018;0.001693;0.002460
25/12/2018;0.001919;0.002788
26/12/2018;0.001524;0.002214
27/12/2018;0.001636;0.002378
28/12/2018;0.001806;0.002624
29/12/2018;0.001129;0.001640
30/12/2018;0.000903;0.001312
02/01/2019;0.001833;0.002780
04/01/2019;0.001833;0.002780
05/01/2019;0.000917;0.001390
06/01/2019;0.001310;0.001986
07/01/2019;0.001964;0.002979
09/01/2019;0.001964;0.002979
10/01/2019;0.001702;0.002582
11/01/2019;0.001768;0.002681
12/01/2019;0.001310;0.001986
13/01/2019;0.000982;0.001489
14/01/2019;0.002030;0.003078
15/01/2019;0.002030;0.003078
16/01/2019;0.002750;0.004170
17/01/2019;0.002357;0.003575
18/01/2019;0.002161;0.003277
19/01/2019;0.000917;0.001390
20/01/2019;0.000786;0.001192
21/01/2019;0.002750;0.004170
22/01/2019;0.001833;0.002780
23/01/2019;0.002226;0.003376
24/01/2019;0.001899;0.002880
25/01/2019;0.002554;0.003873
26/01/2019;0.001179;0.001787
28/01/2019;0.001899;0.002880
29/01/2019;0.002292;0.003475
30/01/2019;0.001768;0.002681
31/01/2019;0.001506;0.002284
01/02/2019;0.002095;0.003177
02/02/2019;0.000982;0.001489
03/02/2019;0.000917;0.001390
06/02/2019;0.001637;0.002482
07/02/2019;0.002030;0.003078
08/02/2019;0.001899;0.002880
09/02/2019;0.001244;0.001887
10/02/2019;0.001572;0.002383
11/02/2019;0.001899;0.002880
12/02/2019;0.001964;0.002979
13/02/2019;0.001899;0.002880
14/02/2019;0.001572;0.002383
15/02/2019;0.002161;0.003277
16/02/2019;0.000917;0.001390
17/02/2019;0.001179;0.001787
18/02/2019;0.002423;0.003674
19/02/2019;0.002226;0.003376
20/02/2019;0.002030;0.003078
21/02/2019;0.001899;0.002880
22/02/2019;0.002292;0.003475
23/02/2019;0.000851;0.001291
24/02/2019;0.000917;0.001390
25/02/2019;0.001637;0.002482
26/02/2019;0.001833;0.002780
27/02/2019;0.001441;0.002185
28/02/2019;0.001768;0.002681
01/03/2019;0.003274;0.004965
02/03/2019;0.001506;0.002284
03/03/2019;0.000982;0.001489
04/03/2019;0.002488;0.003773
05/03/2019;0.001899;0.002880
06/03/2019;0.002226;0.003376
07/03/2019;0.002619;0.003972
08/03/2019;0.003012;0.004568
09/03/2019;0.001244;0.001887
10/03/2019;0.001244;0.001887
11/03/2019;0.003143;0.004766
12/03/2019;0.002619;0.003972
13/03/2019;0.002554;0.003873
14/03/2019;0.002685;0.004071
15/03/2019;0.002619;0.003972
16/03/2019;0.001179;0.001787
17/03/2019;0.001113;0.001688
18/03/2019;0.002947;0.004468
19/03/2019;0.002226;0.003376
20/03/2019;0.002619;0.003972
21/03/2019;0.002292;0.003475
23/03/2019;0.001441;0.002185
24/03/2019;0.001179;0.001787
25/03/2019;0.002685;0.004071
26/03/2019;0.002816;0.004270
27/03/2019;0.002881;0.004369
28/03/2019;0.003601;0.005461
29/03/2019;0.003274;0.004965
30/03/2019;0.001048;0.001589
31/03/2019;0.001441;0.002185
01/04/2019;0.002095;0.003177
02/04/2019;0.002226;0.003376
03/04/2019;0.002226;0.003376
04/04/2019;0.001833;0.002780
05/04/2019;0.002357;0.003575
06/04/2019;0.000917;0.001390
07/04/2019;0.001506;0.002284
08/04/2019;0.002619;0.003972
09/04/2019;0.002292;0.003475
10/04/2019;0.002292;0.003475
11/04/2019;0.002161;0.003277
12/04/2019;0.002030;0.003078
13/04/2019;0.000917;0.001390
14/04/2019;0.001113;0.001688
15/04/2019;0.002161;0.003277
16/04/2019;0.002881;0.004369
17/04/2019;0.001768;0.002681
18/04/2019;0.002357;0.003575
19/04/2019;0.002226;0.003376
20/04/2019;0.001179;0.001787
21/04/2019;0.001048;0.001589
22/04/2019;0.001899;0.002880
24/04/2019;0.002750;0.004170
25/04/2019;0.002095;0.003177
26/04/2019;0.001572;0.002383
27/04/2019;0.001048;0.001589
28/04/2019;0.001048;0.001589
30/04/2019;0.001899;0.002880
01/05/2019;0.001964;0.002979
02/05/2019;0.001899;0.002880
06/05/2019;0.001833;0.002780
07/05/2019;0.002554;0.003873
08/05/2019;0.002030;0.003078
09/05/2019;0.002226;0.003376
10/05/2019;0.001964;0.002979
11/05/2019;0.000589;0.000894
12/05/2019;0.001375;0.002085
13/05/2019;0.002161;0.003277
14/05/2019;0.001506;0.002284
15/05/2019;0.001899;0.002880
16/05/2019;0.002161;0.003277
17/05/2019;0.002423;0.003674
18/05/2019;0.001048;0.001589
19/05/2019;0.000786;0.001192
20/05/2019;0.001964;0.002979
21/05/2019;0.001964;0.002979
22/05/2019;0.002226;0.003376
23/05/2019;0.001768;0.002681
24/05/2019;0.002095;0.003177
25/05/2019;0.000786;0.001192
26/05/2019;0.001048;0.001589
27/05/2019;0.002554;0.003873
28/05/2019;0.002685;0.004071
29/05/2019;0.001899;0.002880
30/05/2019;0.003339;0.005064
31/05/2019;0.001441;0.002185
01/06/2019;0.000982;0.001489
02/06/2019;0.001113;0.001688
03/06/2019;0.002357;0.003575
04/06/2019;0.002423;0.003674
05/06/2019;0.002423;0.003674
06/06/2019;0.002423;0.003674
07/06/2019;0.001833;0.002780
08/06/2019;0.000720;0.001092
09/06/2019;0.001244;0.001887
10/06/2019;0.001964;0.002979
11/06/2019;0.002619;0.003972
12/06/2019;0.002750;0.004170
13/06/2019;0.001768;0.002681
14/06/2019;0.002095;0.003177
15/06/2019;0.000982;0.001489
16/06/2019;0.001244;0.001887
17/06/2019;0.002161;0.003277
18/06/2019;0.002095;0.003177
19/06/2019;0.002226;0.003376
20/06/2019;0.002226;0.003376
21/06/2019;0.001768;0.002681
22/06/2019;0.000982;0.001489
23/06/2019;0.001048;0.001589
24/06/2019;0.002881;0.004369
25/06/2019;0.001964;0.002979
26/06/2019;0.002030;0.003078
27/06/2019;0.002357;0.003575
28/06/2019;0.002423;0.003674
29/06/2019;0.000786;0.001192
30/06/2019;0.001048;0.001589
01/07/2019;0.002357;0.003575
02/07/2019;0.001702;0.002582
03/07/2019;0.001964;0.002979
04/07/2019;0.002292;0.003475
05/07/2019;0.002030;0.003078
06/07/2019;0.001506;0.002284
07/07/2019;0.001375;0.002085
08/07/2019;0.002226;0.003376
09/07/2019;0.002095;0.003177
10/07/2019;0.002030;0.003078
11/07/2019;0.002816;0.004270
12/07/2019;0.001964;0.002979
13/07/2019;0.001048;0.001589
14/07/2019;0.000982;0.001489
15/07/2019;0.002816;0.004270
17/07/2019;0.002357;0.003575
18/07/2019;0.001964;0.002979
19/07/2019;0.001768;0.002681
20/07/2019;0.001310;0.001986
21/07/2019;0.001310;0.001986
22/07/2019;0.002816;0.004270
23/07/2019;0.001833;0.002780
24/07/2019;0.002685;0.004071
25/07/2019;0.002816;0.004270
26/07/2019;0.001964;0.002979
27/07/2019;0.001244;0.001887
28/07/2019;0.001179;0.001787
29/07/2019;0.001964;0.002979
30/07/2019;0.002488;0.003773
31/07/2019;0.001833;0.002780
01/08/2019;0.001899;0.002880
02/08/2019;0.001964;0.002979
03/08/2019;0.000917;0.001390
04/08/2019;0.001048;0.001589
05/08/2019;0.002947;0.004468
06/08/2019;0.002161;0.003277
07/08/2019;0.002750;0.004170
08/08/2019;0.003143;0.004766
09/08/2019;0.002947;0.004468
10/08/2019;0.001244;0.001887
11/08/2019;0.001048;0.001589
12/08/2019;0.002292;0.003475
16/08/2019;0.002095;0.003177
17/08/2019;0.001441;0.002185
18/08/2019;0.000851;0.001291
20/08/2019;0.002554;0.003873
21/08/2019;0.002685;0.004071
22/08/2019;0.002554;0.003873
23/08/2019;0.002030;0.003078
24/08/2019;0.001113;0.001688
25/08/2019;0.001310;0.001986
26/08/2019;0.003078;0.004667
27/08/2019;0.001506;0.002284
28/08/2019;0.001964;0.002979
29/08/2019;0.002423;0.003674
30/08/2019;0.001833;0.002780
31/08/2019;0.001833;0.002780
01/09/2019;0.001768;0.002681
02/09/2019;0.004125;0.006256
03/09/2019;0.003274;0.004965
04/09/2019;0.003274;0.004965
05/09/2019;0.004387;0.006653
06/09/2019;0.003078;0.004667
09/09/2019;0.003143;0.004766
10/09/2019;0.003012;0.004568
11/09/2019;0.005304;0.008043
12/09/2019;0.003339;0.005064
13/09/2019;0.002750;0.004170
14/09/2019;0.001572;0.002383
16/09/2019;0.003012;0.004568
17/09/2019;0.003405;0.005163
18/09/2019;0.003143;0.004766
19/09/2019;0.002881;0.004369
20/09/2019;0.002816;0.004270
21/09/2019;0.001964;0.002979
22/09/2019;0.001506;0.002284
23/09/2019;0.003274;0.004965
24/09/2019;0.003667;0.005561
26/09/2019;0.004125;0.006256
28/09/2019;0.001506;0.002284
29/09/2019;0.002292;0.003475
30/09/2019;0.003405;0.005163
01/10/2019;0.001441;0.002185
02/10/2019;0.001244;0.001887
04/10/2019;0.001506;0.002284
05/10/2019;0.000720;0.001092
06/10/2019;0.000917;0.001390
07/10/2019;0.001506;0.002284
08/10/2019;0.001506;0.002284
09/10/2019;0.001375;0.002085
10/10/2019;0.001506;0.002284
11/10/2019;0.001375;0.002085
12/10/2019;0.000786;0.001192
13/10/2019;0.000786;0.001192
14/10/2019;0.001113;0.001688
15/10/2019;0.001310;0.001986
16/10/2019;0.001572;0.002383
18/10/2019;0.001768;0.002681
19/10/2019;0.000851;0.001291
20/10/2019;0.000851;0.001291
21/10/2019;0.001441;0.002185
22/10/2019;0.001637;0.002482
23/10/2019;0.001244;0.001887
24/10/2019;0.001375;0.002085
25/10/2019;0.001702;0.002582
26/10/2019;0.000589;0.000894
27/10/2019;0.000720;0.001092
28/10/2019;0.001310;0.001986
29/10/2019;0.001833;0.002780
30/10/2019;0.001637;0.002482
31/10/2019;0.001441;0.002185
01/11/2019;0.001244;0.001887
02/11/2019;0.001048;0.001589
03/11/2019;0.000589;0.000894
04/11/2019;0.001637;0.002482
05/11/2019;0.001244;0.001887
06/11/2019;0.001899;0.002880
07/11/2019;0.001375;0.002085
08/11/2019;0.001572;0.002383
09/11/2019;0.000982;0.001489
10/11/2019;0.000917;0.001390
11/11/2019;0.001637;0.002482
12/11/2019;0.002554;0.003873
13/11/2019;0.001441;0.002185
14/11/2019;0.001113;0.001688
15/11/2019;0.002030;0.003078
16/11/2019;0.000720;0.001092
17/11/2019;0.000917;0.001390
18/11/2019;0.001310;0.001986
19/11/2019;0.001506;0.002284
20/11/2019;0.001244;0.001887
21/11/2019;0.001441;0.002185
22/11/2019;0.001833;0.002780
23/11/2019;0.000851;0.001291
24/11/2019;0.000851;0.001291
25/11/2019;0.001179;0.001787
26/11/2019;0.001572;0.002383
27/11/2019;0.001768;0.002681
28/11/2019;0.001375;0.002085
29/11/2019;0.001768;0.002681
30/11/2019;0.000720;0.001092
01/12/2019;0.001113;0.001688
02/12/2019;0.001833;0.002780
03/12/2019;0.002554;0.003873
04/12/2019;0.002292;0.003475
05/12/2019;0.002030;0.003078
06/12/2019;0.001637;0.002482
07/12/2019;0.000851;0.001291
08/12/2019;0.000851;0.001291
09/12/2019;0.001899;0.002880
10/12/2019;0.002292;0.003475
11/12/2019;0.003078;0.004667
12/12/2019;0.003012;0.004568
13/12/2019;0.003012;0.004568
14/12/2019;0.001113;0.001688
15/12/2019;0.001113;0.001688
16/12/2019;0.001572;0.002383
17/12/2019;0.001964;0.002979
18/12/2019;0.001572;0.002383
19/12/2019;0.001768;0.002681
20/12/2019;0.001375;0.002085
21/12/2019;0.001048;0.001589
22/12/2019;0.000917;0.001390
23/12/2019;0.001964;0.002979
24/12/2019;0.001833;0.002780
25/12/2019;0.001702;0.002582
26/12/2019;0.001637;0.002482
27/12/2019;0.001702;0.002582
28/12/2019;0.001768;0.002681
29/12/2019;0.001768;0.002681
30/12/2019;0.001833;0.002780
02/01/2020;0.001921;0.003055
03/01/2020;0.001921;0.003055
04/01/2020;0.000925;0.001471
05/01/2020;0.001067;0.001697
06/01/2020;0.002063;0.003281
07/01/2020;0.001921;0.003055
08/01/2020;0.001921;0.003055
09/01/2020;0.002206;0.003507
10/01/2020;0.001779;0.002828
11/01/2020;0.001138;0.001810
12/01/2020;0.001565;0.002489
13/01/2020;0.002063;0.003281
16/01/2020;0.002348;0.003733
17/01/2020;0.001779;0.002828
18/01/2020;0.000783;0.001244
19/01/2020;0.000783;0.001244
20/01/2020;0.001423;0.002263
21/01/2020;0.002775;0.004412
22/01/2020;0.001850;0.002941
23/01/2020;0.001494;0.002376
24/01/2020;0.001921;0.003055
25/01/2020;0.000783;0.001244
26/01/2020;0.001423;0.002263
28/01/2020;0.001565;0.002489
29/01/2020;0.002206;0.003507
30/01/2020;0.001281;0.002036
31/01/2020;0.001850;0.002941
01/02/2020;0.000854;0.001358
02/02/2020;0.000783;0.001244
03/02/2020;0.001281;0.002036
04/02/2020;0.001921;0.003055
05/02/2020;0.001636;0.002602
06/02/2020;0.001423;0.002263
07/02/2020;0.001565;0.002489
08/02/2020;0.000712;0.001131
09/02/2020;0.000712;0.001131
10/02/2020;0.001850;0.002941
11/02/2020;0.001636;0.002602
12/02/2020;0.001779;0.002828
14/02/2020;0.001210;0.001923
15/02/2020;0.000854;0.001358
16/02/2020;0.000854;0.001358
17/02/2020;0.001850;0.002941
18/02/2020;0.001636;0.002602
19/02/2020;0.002063;0.003281
20/02/2020;0.001779;0.002828
21/02/2020;0.000996;0.001584
22/02/2020;0.000640;0.001018
23/02/2020;0.001423;0.002263
24/02/2020;0.002135;0.003394
25/02/2020;0.001636;0.002602
26/02/2020;0.001352;0.002149
27/02/2020;0.001850;0.002941
28/02/2020;0.001423;0.002263
29/02/2020;0.000712;0.001131
01/03/2020;0.000783;0.001244
02/03/2020;0.000925;0.001471
03/03/2020;0.002135;0.003394
04/03/2020;0.001565;0.002489
05/03/2020;0.001779;0.002828
06/03/2020;0.001992;0.003168
07/03/2020;0.000925;0.001471
08/03/2020;0.000783;0.001244
09/03/2020;0.001281;0.002036
11/03/2020;0.001921;0.003055
12/03/2020;0.001992;0.003168
13/03/2020;0.001565;0.002489
14/03/2020;0.000854;0.001358
16/03/2020;0.001708;0.002715
17/03/2020;0.001850;0.002941
18/03/2020;0.001210;0.001923
19/03/2020;0.001352;0.002149
20/03/2020;0.001494;0.002376
21/03/2020;0.000854;0.001358
22/03/2020;0.000783;0.001244
23/03/2020;0.001779;0.002828
24/03/2020;0.001565;0.002489
25/03/2020;0.001921;0.003055
26/03/2020;0.001992;0.003168
27/03/2020;0.001636;0.002602
28/03/2020;0.000996;0.001584
29/03/2020;0.000925;0.001471
30/03/2020;0.001210;0.001923
31/03/2020;0.001423;0.002263
01/04/2020;0.000925;0.001471
02/04/2020;0.000925;0.001471
04/04/2020;0.000213;0.000339
05/04/2020;0.000356;0.000566
06/04/2020;0.000854;0.001358
07/04/2020;0.000712;0.001131
08/04/2020;0.000712;0.001131
09/04/2020;0.000569;0.000905
10/04/2020;0.000783;0.001244
11/04/2020;0.000356;0.000566
12/04/2020;0.000356;0.000566
13/04/2020;0.000712;0.001131
14/04/2020;0.000783;0.001244
16/04/2020;0.000783;0.001244
17/04/2020;0.000712;0.001131
18/04/2020;0.000569;0.000905
19/04/2020;0.000356;0.000566
20/04/2020;0.000996;0.001584
21/04/2020;0.000640;0.001018
22/04/2020;0.000925;0.001471
23/04/2020;0.000925;0.001471
24/04/2020;0.000854;0.001358
25/04/2020;0.000285;0.000453
26/04/2020;0.000213;0.000339
27/04/2020;0.000640;0.001018
28/04/2020;0.000427;0.000679
30/04/2020;0.000854;0.001358
01/05/2020;0.001138;0.001810
02/05/2020;0.000427;0.000679
06/05/2020;0.000640;0.001018
07/05/2020;0.000498;0.000792
08/05/2020;0.000925;0.001471
09/05/2020;0.000356;0.000566
10/05/2020;0.000285;0.000453
11/05/2020;0.000854;0.001358
12/05/2020;0.000925;0.001471
13/05/2020;0.000712;0.001131
14/05/2020;0.000854;0.001358
15/05/2020;0.000783;0.001244
16/05/2020;0.000427;0.000679
17/05/2020;0.000356;0.000566
18/05/2020;0.000712;0.001131
19/05/2020;0.000925;0.001471
20/05/2020;0.000854;0.001358
21/05/2020;0.000854;0.001358
22/05/2020;0.000854;0.001358
23/05/2020;0.000356;0.000566
24/05/2020;0.000285;0.000453
25/05/2020;0.000569;0.000905
26/05/2020;0.000783;0.001244
27/05/2020;0.000783;0.001244
28/05/2020;0.000783;0.001244
29/05/2020;0.000712;0.001131
30/05/2020;0.000285;0.000453
31/05/2020;0.000854;0.001358
01/06/2020;0.001423;0.002263
02/06/2020;0.001423;0.002263
03/06/2020;0.001138;0.001810
04/06/2020;0.001494;0.002376
05/06/2020;0.001565;0.002489
06/06/2020;0.000712;0.001131
07/06/2020;0.000712;0.001131
08/06/2020;0.001494;0.002376
09/06/2020;0.001921;0.003055
10/06/2020;0.001779;0.002828
11/06/2020;0.000925;0.001471
12/06/2020;0.001352;0.002149
13/06/2020;0.000427;0.000679
14/06/2020;0.000712;0.001131
15/06/2020;0.000925;0.001471
16/06/2020;0.001138;0.001810
17/06/2020;0.001708;0.002715
19/06/2020;0.001423;0.002263
20/06/2020;0.000569;0.000905
21/06/2020;0.000854;0.001358
22/06/2020;0.001636;0.002602
23/06/2020;0.001210;0.001923
24/06/2020;0.001423;0.002263
25/06/2020;0.001210;0.001923
26/06/2020;0.001281;0.002036
27/06/2020;0.000783;0.001244
28/06/2020;0.000712;0.001131
29/06/2020;0.000996;0.001584
30/06/2020;0.001850;0.002941
01/07/2020;0.001138;0.001810
02/07/2020;0.001565;0.002489
03/07/2020;0.001779;0.002828
04/07/2020;0.000783;0.001244
06/07/2020;0.001352;0.002149
07/07/2020;0.001636;0.002602
08/07/2020;0.001921;0.003055
09/07/2020;0.001281;0.002036
10/07/2020;0.001352;0.002149
11/07/2020;0.000925;0.001471
12/07/2020;0.000569;0.000905
13/07/2020;0.001423;0.002263
14/07/2020;0.001636;0.002602
15/07/2020;0.001921;0.003055
16/07/2020;0.001423;0.002263
17/07/2020;0.001352;0.002149
18/07/2020;0.000569;0.000905
19/07/2020;0.000712;0.001131
20/07/2020;0.001779;0.002828
21/07/2020;0.001494;0.002376
23/07/2020;0.000925;0.001471
24/07/2020;0.001352;0.002149
25/07/2020;0.000783;0.001244
26/07/2020;0.000712;0.001131
27/07/2020;0.002063;0.003281
28/07/2020;0.001921;0.003055
29/07/2020;0.001921;0.003055
30/07/2020;0.001850;0.002941
31/07/2020;0.001708;0.002715
01/08/2020;0.000925;0.001471
02/08/2020;0.000712;0.001131
03/08/2020;0.002348;0.003733
04/08/2020;0.001494;0.002376
05/08/2020;0.001423;0.002263
06/08/2020;0.001423;0.002263
07/08/2020;0.001921;0.003055
08/08/2020;0.000640;0.001018
09/08/2020;0.000712;0.001131
10/08/2020;0.001352;0.002149
11/08/2020;0.001423;0.002263
12/08/2020;0.001494;0.002376
16/08/2020;0.000640;0.001018
17/08/2020;0.001921;0.003055
18/08/2020;0.001352;0.002149
19/08/2020;0.001281;0.002036
20/08/2020;0.001636;0.002602
21/08/2020;0.001423;0.002263
22/08/2020;0.000712;0.001131
23/08/2020;0.000783;0.001244
24/08/2020;0.001423;0.002263
25/08/2020;0.001423;0.002263
26/08/2020;0.001708;0.002715
27/08/2020;0.001352;0.002149
28/08/2020;0.000996;0.001584
29/08/2020;0.000640;0.001018
30/08/2020;0.000854;0.001358
31/08/2020;0.001565;0.002489
01/09/2020;0.001850;0.002941
02/09/2020;0.001921;0.003055
04/09/2020;0.002277;0.003620
06/09/2020;0.001138;0.001810
07/09/2020;0.002277;0.003620
08/09/2020;0.001636;0.002602
09/09/2020;0.002206;0.003507
10/09/2020;0.001352;0.002149
11/09/2020;0.001352;0.002149
12/09/2020;0.001352;0.002149
13/09/2020;0.001067;0.001697
14/09/2020;0.001565;0.002489
15/09/2020;0.001992;0.003168
16/09/2020;0.002277;0.003620
17/09/2020;0.001494;0.002376
18/09/2020;0.002561;0.004073
19/09/2020;0.001352;0.002149
20/09/2020;0.000783;0.001244
22/09/2020;0.002775;0.004412
23/09/2020;0.002775;0.004412
24/09/2020;0.001708;0.002715
25/09/2020;0.002490;0.003960
26/09/2020;0.001210;0.001923
27/09/2020;0.001138;0.001810
28/09/2020;0.002988;0.004751
29/09/2020;0.001494;0.002376
30/09/2020;0.002063;0.003281
01/10/2020;0.001138;0.001810
02/10/2020;0.002277;0.003620
03/10/2020;0.001210;0.001923
04/10/2020;0.001565;0.002489
05/10/2020;0.001921;0.003055
06/10/2020;0.002063;0.003281
07/10/2020;0.002135;0.003394
08/10/2020;0.002348;0.003733
09/10/2020;0.002561;0.004073
10/10/2020;0.000854;0.001358
11/10/2020;0.001067;0.001697
12/10/2020;0.001850;0.002941
15/10/2020;0.001921;0.003055
16/10/2020;0.001494;0.002376
17/10/2020;0.000854;0.001358
18/10/2020;0.000712;0.001131
19/10/2020;0.001636;0.002602
20/10/2020;0.001565;0.002489
21/10/2020;0.002633;0.004186
23/10/2020;0.001708;0.002715
24/10/2020;0.000854;0.001358
25/10/2020;0.000925;0.001471
26/10/2020;0.001992;0.003168
27/10/2020;0.001636;0.002602
28/10/2020;0.002063;0.003281
29/10/2020;0.001494;0.002376
30/10/2020;0.002277;0.003620
31/10/2020;0.000854;0.001358
01/11/2020;0.000996;0.001584
02/11/2020;0.002419;0.003846
03/11/2020;0.002277;0.003620
04/11/2020;0.002063;0.003281
05/11/2020;0.002419;0.003846
06/11/2020;0.002348;0.003733
07/11/2020;0.000783;0.001244
08/11/2020;0.000996;0.001584
09/11/2020;0.001708;0.002715
10/11/2020;0.001850;0.002941
11/11/2020;0.001850;0.002941
12/11/2020;0.001921;0.003055
13/11/2020;0.002135;0.003394
14/11/2020;0.000925;0.001471
16/11/2020;0.001992;0.003168
17/11/2020;0.002063;0.003281
18/11/2020;0.001636;0.002602
19/11/2020;0.002063;0.003281
20/11/2020;0.002419;0.003846
21/11/2020;0.000996;0.001584
22/11/2020;0.000996;0.001584
23/11/2020;0.001921;0.003055
24/11/2020;0.001992;0.003168
25/11/2020;0.002348;0.003733
26/11/2020;0.001850;0.002941
27/11/2020;0.001565;0.002489
28/11/2020;0.000925;0.001471
29/11/2020;0.000854;0.001358
30/11/2020;0.002277;0.003620
02/12/2020;0.002633;0.004186
03/12/2020;0.002277;0.003620
04/12/2020;0.002277;0.003620
05/12/2020;0.001779;0.002828
06/12/2020;0.001281;0.002036
07/12/2020;0.002490;0.003960
08/12/2020;0.002206;0.003507
09/12/2020;0.001779;0.002828
10/12/2020;0.002490;0.003960
11/12/2020;0.001138;0.001810
12/12/2020;0.001067;0.001697
13/12/2020;0.000925;0.001471
14/12/2020;0.002561;0.004073
15/12/2020;0.002277;0.003620
17/12/2020;0.002277;0.003620
18/12/2020;0.002348;0.003733
19/12/2020;0.000783;0.001244
20/12/2020;0.001352;0.002149
21/12/2020;0.003202;0.005091
22/12/2020;0.002135;0.003394
23/12/2020;0.002419;0.003846
24/12/2020;0.002348;0.003733
25/12/2020;0.001921;0.003055
26/12/2020;0.000854;0.001358
27/12/2020;0.001281;0.002036
28/12/2020;0.002277;0.003620
29/12/2020;0.003486;0.005543
30/12/2020;0.002277;0.003620
02/01/2021;0.001307;0.002322
03/01/2021;0.002033;0.003611
04/01/2021;0.002759;0.004901
06/01/2021;0.004502;0.007997
07/01/2021;0.004429;0.007868
08/01/2021;0.003267;0.005804
09/01/2021;0.002106;0.003740
10/01/2021;0.001670;0.002967
11/01/2021;0.003558;0.006320
12/01/2021;0.003413;0.006062
13/01/2021;0.002251;0.003998
14/01/2021;0.004139;0.007352
15/01/2021;0.002614;0.004643
16/01/2021;0.001525;0.002709
17/01/2021;0.001815;0.003225
18/01/2021;0.002541;0.004514
19/01/2021;0.004574;0.008126
21/01/2021;0.003703;0.006578
22/01/2021;0.003848;0.006836
23/01/2021;0.002106;0.003740
24/01/2021;0.001597;0.002838
25/01/2021;0.002904;0.005159
26/01/2021;0.003267;0.005804
27/01/2021;0.003631;0.006449
28/01/2021;0.003485;0.006191
30/01/2021;0.001452;0.002580
31/01/2021;0.001815;0.003225
01/02/2021;0.003267;0.005804
02/02/2021;0.003195;0.005675
03/02/2021;0.002324;0.004127
04/02/2021;0.003413;0.006062
05/02/2021;0.002541;0.004514
06/02/2021;0.001888;0.003354
07/02/2021;0.001597;0.002838
08/02/2021;0.002904;0.005159
09/02/2021;0.002106;0.003740
10/02/2021;0.004284;0.007610
11/02/2021;0.003776;0.006707
12/02/2021;0.003921;0.006965
13/02/2021;0.001960;0.003483
14/02/2021;0.001670;0.002967
15/02/2021;0.002977;0.005288
16/02/2021;0.003994;0.007094
17/02/2021;0.003703;0.006578
18/02/2021;0.002904;0.005159
19/02/2021;0.003703;0.006578
20/02/2021;0.001525;0.002709
21/02/2021;0.001452;0.002580
22/02/2021;0.003485;0.006191
23/02/2021;0.004357;0.007739
24/02/2021;0.003631;0.006449
25/02/2021;0.003050;0.005417
26/02/2021;0.003921;0.006965
27/02/2021;0.001670;0.002967
28/02/2021;0.001307;0.002322
01/03/2021;0.006608;0.011737
02/03/2021;0.007334;0.013027
03/03/2021;0.004284;0.007610
04/03/2021;0.005446;0.009674
05/03/2021;0.004937;0.008771
06/03/2021;0.002178;0.003869
07/03/2021;0.002033;0.003611
08/03/2021;0.004574;0.008126
09/03/2021;0.003776;0.006707
10/03/2021;0.004502;0.007997
11/03/2021;0.005228;0.009287
12/03/2021;0.004720;0.008384
13/03/2021;0.001960;0.003483
14/03/2021;0.002469;0.004385
15/03/2021;0.004139;0.007352
16/03/2021;0.004865;0.008642
17/03/2021;0.006317;0.011221
18/03/2021;0.005518;0.009803
19/03/2021;0.004284;0.007610
20/03/2021;0.001234;0.002193
21/03/2021;0.002178;0.003869
22/03/2021;0.005809;0.010319
23/03/2021;0.003994;0.007094
24/03/2021;0.004937;0.008771
25/03/2021;0.005301;0.009416
26/03/2021;0.004792;0.008513
27/03/2021;0.002469;0.004385
28/03/2021;0.002106;0.003740
29/03/2021;0.003558;0.006320
30/03/2021;0.005155;0.009158
31/03/2021;0.004429;0.007868
01/04/2021;0.004357;0.007739
02/04/2021;0.005301;0.009416
03/04/2021;0.002541;0.004514
04/04/2021;0.003050;0.005417
05/04/2021;0.003558;0.006320
06/04/2021;0.004139;0.007352
07/04/2021;0.003703;0.006578
08/04/2021;0.004574;0.008126
09/04/2021;0.004792;0.008513
10/04/2021;0.002396;0.004256
11/04/2021;0.002396;0.004256
12/04/2021;0.004429;0.007868
13/04/2021;0.004357;0.007739
14/04/2021;0.005446;0.009674
15/04/2021;0.003558;0.006320
16/04/2021;0.003631;0.006449
17/04/2021;0.002396;0.004256
18/04/2021;0.002178;0.003869
19/04/2021;0.003558;0.006320
20/04/2021;0.003631;0.006449
21/04/2021;0.003631;0.006449
22/04/2021;0.003558;0.006320
23/04/2021;0.004139;0.007352
24/04/2021;0.003050;0.005417
25/04/2021;0.001960;0.003483
26/04/2021;0.004937;0.008771
27/04/2021;0.004429;0.007868
28/04/2021;0.004937;0.008771
30/04/2021;0.003485;0.006191
01/05/2021;0.001960;0.003483
02/05/2021;0.001960;0.003483
06/05/2021;0.003267;0.005804
07/05/2021;0.004574;0.008126
08/05/2021;0.002396;0.004256
09/05/2021;0.001452;0.002580
10/05/2021;0.004502;0.007997
11/05/2021;0.003703;0.006578
12/05/2021;0.004502;0.007997
13/05/2021;0.002977;0.005288
14/05/2021;0.002977;0.005288
15/05/2021;0.002324;0.004127
16/05/2021;0.001670;0.002967
17/05/2021;0.004574;0.008126
18/05/2021;0.003848;0.006836
19/05/2021;0.003340;0.005933
20/05/2021;0.003558;0.006320
21/05/2021;0.004284;0.007610
22/05/2021;0.002178;0.003869
23/05/2021;0.002106;0.003740
24/05/2021;0.004211;0.007481
25/05/2021;0.004357;0.007739
26/05/2021;0.004502;0.007997
27/05/2021;0.003994;0.007094
28/05/2021;0.004066;0.007223
29/05/2021;0.002324;0.004127
31/05/2021;0.003050;0.005417
01/06/2021;0.004139;0.007352
03/06/2021;0.004502;0.007997
04/06/2021;0.003631;0.006449
05/06/2021;0.001960;0.003483
06/06/2021;0.002106;0.003740
09/06/2021;0.002396;0.004256
10/06/2021;0.004792;0.008513
12/06/2021;0.002251;0.003998
13/06/2021;0.002106;0.003740
14/06/2021;0.004139;0.007352
15/06/2021;0.004647;0.008255
16/06/2021;0.005010;0.008900
17/06/2021;0.003776;0.006707
19/06/2021;0.001162;0.002064
20/06/2021;0.002324;0.004127
22/06/2021;0.004284;0.007610
23/06/2021;0.003340;0.005933
24/06/2021;0.002396;0.004256
25/06/2021;0.006462;0.011479
26/06/2021;0.002033;0.003611
27/06/2021;0.001597;0.002838
28/06/2021;0.003921;0.006965
29/06/2021;0.002396;0.004256
30/06/2021;0.002541;0.004514
01/07/2021;0.004211;0.007481
02/07/2021;0.002832;0.005030
03/07/2021;0.002033;0.003611
04/07/2021;0.001380;0.002451
05/07/2021;0.002614;0.004643
06/07/2021;0.003776;0.006707
07/07/2021;0.002977;0.005288
08/07/2021;0.002614;0.004643
09/07/2021;0.003703;0.006578
10/07/2021;0.001743;0.003096
11/07/2021;0.001960;0.003483
12/07/2021;0.003848;0.006836
13/07/2021;0.003122;0.005546
14/07/2021;0.003195;0.005675
15/07/2021;0.003195;0.005675
16/07/2021;0.002033;0.003611
17/07/2021;0.002106;0.003740
18/07/2021;0.001307;0.002322
19/07/2021;0.002904;0.005159
20/07/2021;0.003776;0.006707
21/07/2021;0.004284;0.007610
22/07/2021;0.003050;0.005417
23/07/2021;0.003267;0.005804
24/07/2021;0.001888;0.003354
25/07/2021;0.001017;0.001806
27/07/2021;0.003195;0.005675
28/07/2021;0.003558;0.006320
29/07/2021;0.003195;0.005675
30/07/2021;0.002832;0.005030
31/07/2021;0.001597;0.002838
02/08/2021;0.003921;0.006965
04/08/2021;0.002904;0.005159
05/08/2021;0.002759;0.004901
06/08/2021;0.002614;0.004643
07/08/2021;0.001815;0.003225
08/08/2021;0.001307;0.002322
09/08/2021;0.001525;0.002709
10/08/2021;0.003122;0.005546
11/08/2021;0.002396;0.004256
12/08/2021;0.002904;0.005159
17/08/2021;0.003267;0.005804
19/08/2021;0.003848;0.006836
21/08/2021;0.002687;0.004772
22/08/2021;0.001525;0.002709
23/08/2021;0.002904;0.005159
24/08/2021;0.002687;0.004772
25/08/2021;0.002469;0.004385
26/08/2021;0.002396;0.004256
27/08/2021;0.002687;0.004772
28/08/2021;0.001307;0.002322
29/08/2021;0.001380;0.002451
30/08/2021;0.002687;0.004772
31/08/2021;0.001960;0.003483
01/09/2021;0.003122;0.005546
02/09/2021;0.003631;0.006449
03/09/2021;0.002687;0.004772
04/09/2021;0.001452;0.002580
05/09/2021;0.001525;0.002709
06/09/2021;0.001815;0.003225
07/09/2021;0.004139;0.007352
08/09/2021;0.002687;0.004772
09/09/2021;0.003848;0.006836
10/09/2021;0.004429;0.007868
11/09/2021;0.001234;0.002193
12/09/2021;0.001380;0.002451
13/09/2021;0.004139;0.007352
14/09/2021;0.003050;0.005417
15/09/2021;0.003776;0.006707
16/09/2021;0.002759;0.004901
17/09/2021;0.002614;0.004643
18/09/2021;0.001234;0.002193
19/09/2021;0.001888;0.003354
20/09/2021;0.002759;0.004901
21/09/2021;0.003848;0.006836
22/09/2021;0.003703;0.006578
23/09/2021;0.003340;0.005933
24/09/2021;0.002904;0.005159
25/09/2021;0.001452;0.002580
26/09/2021;0.001452;0.002580
27/09/2021;0.003122;0.005546
28/09/2021;0.001670;0.002967
29/09/2021;0.002904;0.005159
01/10/2021;0.003848;0.006836
02/10/2021;0.001380;0.002451
03/10/2021;0.001307;0.002322
04/10/2021;0.002469;0.004385
05/10/2021;0.002687;0.004772
06/10/2021;0.003558;0.006320
07/10/2021;0.002904;0.005159
09/10/2021;0.002178;0.003869
10/10/2021;0.001525;0.002709
11/10/2021;0.002033;0.003611
12/10/2021;0.002541;0.004514
13/10/2021;0.003413;0.006062
14/10/2021;0.002904;0.005159
15/10/2021;0.002977;0.005288
16/10/2021;0.001888;0.003354
18/10/2021;0.002687;0.004772
19/10/2021;0.002614;0.004643
20/10/2021;0.003267;0.005804
21/10/2021;0.003340;0.005933
22/10/2021;0.003267;0.005804
23/10/2021;0.001670;0.002967
24/10/2021;0.001597;0.002838
26/10/2021;0.002687;0.004772
27/10/2021;0.003848;0.006836
28/10/2021;0.002106;0.003740
29/10/2021;0.002904;0.005159
30/10/2021;0.000944;0.001677
01/11/2021;0.002251;0.003998
02/11/2021;0.003776;0.006707
03/11/2021;0.003921;0.006965
04/11/2021;0.003558;0.006320
05/11/2021;0.003340;0.005933
06/11/2021;0.001670;0.002967
07/11/2021;0.001815;0.003225
08/11/2021;0.003994;0.007094
09/11/2021;0.003921;0.006965
10/11/2021;0.002687;0.004772
12/11/2021;0.002832;0.005030
13/11/2021;0.001452;0.002580
14/11/2021;0.001525;0.002709
15/11/2021;0.003703;0.006578
16/11/2021;0.003485;0.006191
17/11/2021;0.002977;0.005288
18/11/2021;0.002904;0.005159
19/11/2021;0.003776;0.006707
20/11/2021;0.001743;0.003096
21/11/2021;0.001743;0.003096
22/11/2021;0.003195;0.005675
23/11/2021;0.002614;0.004643
24/11/2021;0.003558;0.006320
25/11/2021;0.003631;0.006449
26/11/2021;0.002614;0.004643
27/11/2021;0.001815;0.003225
28/11/2021;0.002033;0.003611
29/11/2021;0.003050;0.005417
30/11/2021;0.004211;0.007481
01/12/2021;0.003848;0.006836
02/12/2021;0.004066;0.007223
03/12/2021;0.003558;0.006320
05/12/2021;0.002541;0.004514
06/12/2021;0.004720;0.008384
07/12/2021;0.003703;0.006578
08/12/2021;0.006608;0.011737
09/12/2021;0.004429;0.007868
10/12/2021;0.005809;0.010319
11/12/2021;0.001743;0.003096
12/12/2021;0.002178;0.003869
13/12/2021;0.003485;0.006191
14/12/2021;0.004139;0.007352
15/12/2021;0.004865;0.008642
17/12/2021;0.003631;0.006449
18/12/2021;0.002469;0.004385
19/12/2021;0.002759;0.004901
20/12/2021;0.005155;0.009158
21/12/2021;0.004937;0.008771
22/12/2021;0.004792;0.008513
23/12/2021;0.004792;0.008513
24/12/2021;0.002469;0.004385
25/12/2021;0.001888;0.003354
26/12/2021;0.001960;0.003483
27/12/2021;0.003631;0.006449
28/12/2021;0.005228;0.009287
29/12/2021;0.004502;0.007997
30/12/2021;0.003994;0.007094
02/01/2022;0.004189;0.007122
04/01/2022;0.009187;0.015619
05/01/2022;0.009482;0.016118
06/01/2022;0.007864;0.013369
07/01/2022;0.010070;0.017118
08/01/2022;0.004337;0.007372
09/01/2022;0.005439;0.009246
10/01/2022;0.007570;0.012870
11/01/2022;0.007644;0.012995
12/01/2022;0.011980;0.020367
13/01/2022;0.012789;0.021741
14/01/2022;0.008673;0.014744
15/01/2022;0.005659;0.009621
16/01/2022;0.004851;0.008247
17/01/2022;0.007938;0.013494
18/01/2022;0.010951;0.018617
19/01/2022;0.007718;0.013120
20/01/2022;0.007718;0.013120
21/01/2022;0.011319;0.019242
22/01/2022;0.004116;0.006997
23/01/2022;0.005880;0.009996
25/01/2022;0.007644;0.012995
26/01/2022;0.009335;0.015868
27/01/2022;0.009114;0.015494
28/01/2022;0.009555;0.016243
29/01/2022;0.003528;0.005998
30/01/2022;0.003455;0.005873
31/01/2022;0.011466;0.019492
01/02/2022;0.007864;0.013369
02/02/2022;0.007791;0.013244
03/02/2022;0.009335;0.015868
04/02/2022;0.010216;0.017368
05/02/2022;0.005292;0.008996
06/02/2022;0.003749;0.006372
07/02/2022;0.006909;0.011745
08/02/2022;0.007350;0.012495
09/02/2022;0.011539;0.019617
10/02/2022;0.012568;0.021366
11/02/2022;0.014847;0.025240
12/02/2022;0.003675;0.006247
13/02/2022;0.005145;0.008746
14/02/2022;0.009114;0.015494
15/02/2022;0.008673;0.014744
16/02/2022;0.009702;0.016493
17/02/2022;0.011172;0.018992
18/02/2022;0.009187;0.015619
19/02/2022;0.003014;0.005123
20/02/2022;0.005586;0.009496
21/02/2022;0.009114;0.015494
22/02/2022;0.009261;0.015743
23/02/2022;0.011246;0.019117
24/02/2022;0.008452;0.014369
25/02/2022;0.010070;0.017118
26/02/2022;0.005659;0.009621
27/02/2022;0.004189;0.007122
28/02/2022;0.008967;0.015244
01/03/2022;0.009408;0.015993
02/03/2022;0.008820;0.014994
03/03/2022;0.007497;0.012745
04/03/2022;0.010143;0.017243
05/03/2022;0.004483;0.007622
06/03/2022;0.005071;0.008621
07/03/2022;0.006762;0.011495
08/03/2022;0.008379;0.014244
09/03/2022;0.013524;0.022990
10/03/2022;0.010511;0.017868
11/03/2022;0.007718;0.013120
12/03/2022;0.004925;0.008372
13/03/2022;0.004116;0.006997
14/03/2022;0.010951;0.018617
15/03/2022;0.007056;0.011995
16/03/2022;0.009775;0.016618
17/03/2022;0.012495;0.021241
18/03/2022;0.008820;0.014994
19/03/2022;0.005292;0.008996
20/03/2022;0.004263;0.007247
21/03/2022;0.011539;0.019617
22/03/2022;0.009702;0.016493
23/03/2022;0.011466;0.019492
24/03/2022;0.009775;0.016618
26/03/2022;0.004263;0.007247
28/03/2022;0.012127;0.020616
29/03/2022;0.006247;0.010621
30/03/2022;0.008085;0.013744
01/04/2022;0.009628;0.016368
02/04/2022;0.005219;0.008871
03/04/2022;0.006468;0.010995
04/04/2022;0.011392;0.019367
05/04/2022;0.008526;0.014494
06/04/2022;0.014700;0.024990
07/04/2022;0.014039;0.023865
08/04/2022;0.013377;0.022741
10/04/2022;0.012789;0.021741
11/04/2022;0.012127;0.020616
12/04/2022;0.009114;0.015494
13/04/2022;0.005733;0.009746
14/04/2022;0.009702;0.016493
15/04/2022;0.009775;0.016618
16/04/2022;0.004851;0.008247
17/04/2022;0.007864;0.013369
18/04/2022;0.010878;0.018492
19/04/2022;0.009114;0.015494
20/04/2022;0.011687;0.019867
21/04/2022;0.008526;0.014494
22/04/2022;0.010143;0.017243
23/04/2022;0.005219;0.008871
24/04/2022;0.006247;0.010621
25/04/2022;0.011172;0.018992
26/04/2022;0.009187;0.015619
27/04/2022;0.007938;0.013494
28/04/2022;0.010584;0.017993
30/04/2022;0.005365;0.009121
01/05/2022;0.007350;0.012495
02/05/2022;0.007864;0.013369
06/05/2022;0.011613;0.019742
07/05/2022;0.006468;0.010995
08/05/2022;0.004631;0.007872
09/05/2022;0.008820;0.014994
10/05/2022;0.009996;0.016993
11/05/2022;0.009408;0.015993
12/05/2022;0.008820;0.014994
13/05/2022;0.011172;0.018992
14/05/2022;0.004483;0.007622
15/05/2022;0.005071;0.008621
16/05/2022;0.008306;0.014119
17/05/2022;0.011172;0.018992
18/05/2022;0.007791;0.013244
19/05/2022;0.008085;0.013744
20/05/2022;0.008306;0.014119
21/05/2022;0.003822;0.006497
22/05/2022;0.005439;0.009246
24/05/2022;0.007130;0.012120
25/05/2022;0.010878;0.018492
26/05/2022;0.010070;0.017118
28/05/2022;0.004263;0.007247
29/05/2022;0.003381;0.005748
30/05/2022;0.009482;0.016118
31/05/2022;0.008894;0.015119
01/06/2022;0.007203;0.012245
02/06/2022;0.007056;0.011995
03/06/2022;0.009628;0.016368
04/06/2022;0.004631;0.007872
05/06/2022;0.004704;0.007997
06/06/2022;0.007497;0.012745
07/06/2022;0.008673;0.014744
08/06/2022;0.009923;0.016868
09/06/2022;0.009187;0.015619
10/06/2022;0.007497;0.012745
11/06/2022;0.003822;0.006497
12/06/2022;0.004116;0.006997
13/06/2022;0.009040;0.015369
14/06/2022;0.009482;0.016118
15/06/2022;0.007350;0.012495
16/06/2022;0.006615;0.011245
17/06/2022;0.007424;0.012620
18/06/2022;0.003969;0.006747
19/06/2022;0.005953;0.010121
20/06/2022;0.011025;0.018742
21/06/2022;0.009775;0.016618
22/06/2022;0.009628;0.016368
23/06/2022;0.006689;0.011370
24/06/2022;0.011980;0.020367
25/06/2022;0.003969;0.006747
26/06/2022;0.004483;0.007622
27/06/2022;0.012127;0.020616
28/06/2022;0.007497;0.012745
29/06/2022;0.007644;0.012995
30/06/2022;0.007497;0.012745
01/07/2022;0.010804;0.018367
02/07/2022;0.005145;0.008746
03/07/2022;0.004704;0.007997
04/07/2022;0.009335;0.015868
05/07/2022;0.011466;0.019492
06/07/2022;0.009923;0.016868
07/07/2022;0.008747;0.014869
08/07/2022;0.011246;0.019117
09/07/2022;0.005659;0.009621
10/07/2022;0.004410;0.007497
12/07/2022;0.012275;0.020866
13/07/2022;0.011613;0.019742
14/07/2022;0.008747;0.014869
15/07/2022;0.011687;0.019867
16/07/2022;0.004483;0.007622
17/07/2022;0.004998;0.008496
18/07/2022;0.009335;0.015868
19/07/2022;0.012863;0.021866
20/07/2022;0.008232;0.013994
21/07/2022;0.008452;0.014369
22/07/2022;0.008894;0.015119
23/07/2022;0.005071;0.008621
24/07/2022;0.005292;0.008996
25/07/2022;0.009335;0.015868
26/07/2022;0.007644;0.012995
27/07/2022;0.008526;0.014494
28/07/2022;0.010437;0.017743
29/07/2022;0.009187;0.015619
30/07/2022;0.003234;0.005498
31/07/2022;0.004483;0.007622
01/08/2022;0.006468;0.010995
02/08/2022;0.010584;0.017993
03/08/2022;0.008379;0.014244
04/08/2022;0.009849;0.016743
05/08/2022;0.011172;0.018992
06/08/2022;0.005145;0.008746
07/08/2022;0.004704;0.007997
08/08/2022;0.013671;0.023240
09/08/2022;0.008967;0.015244
10/08/2022;0.009114;0.015494
11/08/2022;0.008011;0.013619
12/08/2022;0.013010;0.022116
16/08/2022;0.008820;0.014994
17/08/2022;0.009187;0.015619
18/08/2022;0.011025;0.018742
20/08/2022;0.008085;0.013744
21/08/2022;0.005219;0.008871
22/08/2022;0.008085;0.013744
23/08/2022;0.013818;0.023490
24/08/2022;0.010070;0.017118
25/08/2022;0.007938;0.013494
26/08/2022;0.008526;0.014494
27/08/2022;0.004704;0.007997
28/08/2022;0.003161;0.005373
29/08/2022;0.010290;0.017493
30/08/2022;0.011025;0.018742
31/08/2022;0.008894;0.015119
01/09/2022;0.010878;0.018492
03/09/2022;0.004998;0.008496
04/09/2022;0.008452;0.014369
05/09/2022;0.011907;0.020242
06/09/2022;0.011687;0.019867
07/09/2022;0.010878;0.018492
08/09/2022;0.012495;0.021241
09/09/2022;0.016170;0.027489
10/09/2022;0.002426;0.004123
12/09/2022;0.010951;0.018617
13/09/2022;0.015508;0.026364
14/09/2022;0.013451;0.022865
15/09/2022;0.012201;0.020741
16/09/2022;0.011687;0.019867
17/09/2022;0.005365;0.009121
18/09/2022;0.004777;0.008122
19/09/2022;0.008747;0.014869
20/09/2022;0.009555;0.016243
21/09/2022;0.009408;0.015993
22/09/2022;0.011760;0.019992
23/09/2022;0.012054;0.020491
24/09/2022;0.005292;0.008996
25/09/2022;0.006321;0.010746
26/09/2022;0.012936;0.021991
27/09/2022;0.008526;0.014494
28/09/2022;0.010584;0.017993
29/09/2022;0.008159;0.013869
30/09/2022;0.013891;0.023615
01/10/2022;0.004998;0.008496
02/10/2022;0.004337;0.007372
03/10/2022;0.008967;0.015244
04/10/2022;0.010584;0.017993
05/10/2022;0.012054;0.020491
06/10/2022;0.008379;0.014244
07/10/2022;0.009114;0.015494
08/10/2022;0.005659;0.009621
09/10/2022;0.004998;0.008496
10/10/2022;0.010216;0.017368
11/10/2022;0.008599;0.014619
12/10/2022;0.008011;0.013619
13/10/2022;0.010143;0.017243
14/10/2022;0.009482;0.016118
15/10/2022;0.005071;0.008621
16/10/2022;0.004337;0.007372
17/10/2022;0.009849;0.016743
18/10/2022;0.011687;0.019867
19/10/2022;0.009114;0.015494
20/10/2022;0.007791;0.013244
21/10/2022;0.006468;0.010995
22/10/2022;0.005807;0.009871
23/10/2022;0.005880;0.009996
24/10/2022;0.009849;0.016743
25/10/2022;0.011319;0.019242
26/10/2022;0.010511;0.017868
27/10/2022;0.011834;0.020117
28/10/2022;0.008379;0.014244
29/10/2022;0.005953;0.010121
31/10/2022;0.012054;0.020491
01/11/2022;0.009040;0.015369
02/11/2022;0.009702;0.016493
03/11/2022;0.009702;0.016493
04/11/2022;0.010584;0.017993
05/11/2022;0.005292;0.008996
06/11/2022;0.004263;0.007247
08/11/2022;0.013524;0.022990
09/11/2022;0.011319;0.019242
10/11/2022;0.011319;0.019242
11/11/2022;0.010070;0.017118
12/11/2022;0.006615;0.011245
13/11/2022;0.004777;0.008122
14/11/2022;0.010511;0.017868
15/11/2022;0.010216;0.017368
17/11/2022;0.012348;0.020991
18/11/2022;0.010951;0.018617
19/11/2022;0.008526;0.014494
20/11/2022;0.006174;0.010496
21/11/2022;0.011172;0.018992
22/11/2022;0.006909;0.011745
23/11/2022;0.012715;0.021616
24/11/2022;0.009923;0.016868
25/11/2022;0.013156;0.022366
26/11/2022;0.005219;0.008871
27/11/2022;0.005880;0.009996
28/11/2022;0.013156;0.022366
29/11/2022;0.010437;0.017743
30/11/2022;0.010216;0.017368
01/12/2022;0.013230;0.022491
02/12/2022;0.010584;0.017993
03/12/2022;0.006101;0.010371
04/12/2022;0.005439;0.009246
05/12/2022;0.013230;0.022491
06/12/2022;0.011172;0.018992
07/12/2022;0.012715;0.021616
08/12/2022;0.012936;0.021991
09/12/2022;0.011907;0.020242
10/12/2022;0.005071;0.008621
11/12/2022;0.004704;0.007997
12/12/2022;0.012348;0.020991
13/12/2022;0.011025;0.018742
14/12/2022;0.011834;0.020117
15/12/2022;0.013010;0.022116
16/12/2022;0.009996;0.016993
17/12/2022;0.007570;0.012870
18/12/2022;0.006689;0.011370
19/12/2022;0.007938;0.013494
20/12/2022;0.011319;0.019242
21/12/2022;0.014332;0.024365
22/12/2022;0.009702;0.016493
23/12/2022;0.011392;0.019367
24/12/2022;0.005439;0.009246
25/12/2022;0.006027;0.010246
26/12/2022;0.010951;0.018617
27/12/2022;0.013010;0.022116
28/12/2022;0.015876;0.026989
29/12/2022;0.013598;0.023115
30/12/2022;0.008894;0.015119
02/01/2023;0.029688;0.049209
03/01/2023;0.026297;0.043589
04/01/2023;0.023208;0.038468
05/01/2023;0.020118;0.033347
06/01/2023;0.014844;0.024605
07/01/2023;0.011604;0.019234
08/01/2023;0.014467;0.023980
09/01/2023;0.023283;0.038593
10/01/2023;0.029914;0.049584
11/01/2023;0.032551;0.053955
12/01/2023;0.027427;0.045462
13/01/2023;0.032476;0.053830
14/01/2023;0.012207;0.020233
15/01/2023;0.014693;0.024355
16/01/2023;0.027503;0.045587
17/01/2023;0.025770;0.042715
18/01/2023;0.016878;0.027977
19/01/2023;0.037148;0.061574
20/01/2023;0.022153;0.036720
21/01/2023;0.014919;0.024730
22/01/2023;0.008062;0.013364
23/01/2023;0.027051;0.044838
24/01/2023;0.025770;0.042715
25/01/2023;0.018159;0.030100
26/01/2023;0.023811;0.039467
27/01/2023;0.028784;0.047711
28/01/2023;0.013412;0.022232
29/01/2023;0.012433;0.020608
30/01/2023;0.026599;0.044089
31/01/2023;0.023886;0.039592
01/02/2023;0.026448;0.043839
02/02/2023;0.029010;0.048085
03/02/2023;0.026599;0.044089
04/02/2023;0.011830;0.019609
05/02/2023;0.012282;0.020358
06/02/2023;0.030215;0.050084
08/02/2023;0.023132;0.038343
09/02/2023;0.027503;0.045587
10/02/2023;0.026674;0.044213
11/02/2023;0.011001;0.018235
12/02/2023;0.012056;0.019983
13/02/2023;0.029989;0.049709
14/02/2023;0.024564;0.040716
15/02/2023;0.025845;0.042840
16/02/2023;0.033681;0.055829
18/02/2023;0.014618;0.024230
19/02/2023;0.012809;0.021232
20/02/2023;0.022002;0.036470
21/02/2023;0.019666;0.032598
22/02/2023;0.023660;0.039218
23/02/2023;0.031572;0.052332
24/02/2023;0.020269;0.033597
25/02/2023;0.016502;0.027352
26/02/2023;0.009946;0.016486
27/02/2023;0.020495;0.033972
28/02/2023;0.031120;0.051582
01/03/2023;0.042196;0.069942
02/03/2023;0.040538;0.067194
03/03/2023;0.038881;0.064447
04/03/2023;0.028181;0.046711
05/03/2023;0.017406;0.028851
06/03/2023;0.027277;0.045213
07/03/2023;0.037901;0.062823
08/03/2023;0.033832;0.056079
09/03/2023;0.029613;0.049084
10/03/2023;0.023509;0.038968
11/03/2023;0.017481;0.028976
12/03/2023;0.019968;0.033098
13/03/2023;0.046943;0.077811
14/03/2023;0.034360;0.056953
15/03/2023;0.039935;0.066195
16/03/2023;0.045813;0.075937
17/03/2023;0.032250;0.053456
18/03/2023;0.013412;0.022232
19/03/2023;0.015070;0.024979
20/03/2023;0.027277;0.045213
21/03/2023;0.028482;0.047211
22/03/2023;0.035565;0.058951
23/03/2023;0.042573;0.070567
24/03/2023;0.040538;0.067194
25/03/2023;0.014995;0.024854
26/03/2023;0.027126;0.044963
27/03/2023;0.031421;0.052082
28/03/2023;0.032928;0.054580
29/03/2023;0.034284;0.056828
30/03/2023;0.040614;0.067319
31/03/2023;0.035339;0.058577
01/04/2023;0.014392;0.023855
02/04/2023;0.014241;0.023605
03/04/2023;0.029914;0.049584
04/04/2023;0.031346;0.051957
05/04/2023;0.028181;0.046711
06/04/2023;0.026071;0.043214
07/04/2023;0.020947;0.034721
08/04/2023;0.016878;0.027977
09/04/2023;0.014015;0.023231
10/04/2023;0.038278;0.063448
12/04/2023;0.022906;0.037969
13/04/2023;0.033832;0.056079
14/04/2023;0.041518;0.068818
15/04/2023;0.014015;0.023231
16/04/2023;0.020721;0.034347
17/04/2023;0.027427;0.045462
18/04/2023;0.030291;0.050208
19/04/2023;0.027201;0.045088
20/04/2023;0.029537;0.048960
21/04/2023;0.023509;0.038968
22/04/2023;0.012056;0.019983
23/04/2023;0.009720;0.016112
24/04/2023;0.023359;0.038718
25/04/2023;0.027955;0.046337
26/04/2023;0.021249;0.035221
27/04/2023;0.030366;0.050333
28/04/2023;0.030215;0.050084
30/04/2023;0.015221;0.025229
01/05/2023;0.030140;0.049959
02/05/2023;0.027051;0.044838
06/05/2023;0.016502;0.027352
07/05/2023;0.013186;0.021857
08/05/2023;0.021625;0.035845
10/05/2023;0.016426;0.027227
11/05/2023;0.017255;0.028601
12/05/2023;0.026297;0.043589
13/05/2023;0.012960;0.021482
14/05/2023;0.012056;0.019983
15/05/2023;0.024112;0.039967
16/05/2023;0.024413;0.040467
17/05/2023;0.022228;0.036845
18/05/2023;0.029839;0.049459
19/05/2023;0.023735;0.039342
21/05/2023;0.015070;0.024979
22/05/2023;0.022982;0.038093
23/05/2023;0.026749;0.044338
24/05/2023;0.024489;0.040591
25/05/2023;0.024790;0.041091
26/05/2023;0.014166;0.023481
27/05/2023;0.012131;0.020108
28/05/2023;0.013036;0.021607
29/05/2023;0.021324;0.035346
30/05/2023;0.027277;0.045213
31/05/2023;0.044080;0.073065
01/06/2023;0.021927;0.036345
02/06/2023;0.026749;0.044338
03/06/2023;0.013864;0.022981
04/06/2023;0.011529;0.019109
06/06/2023;0.030969;0.051333
07/06/2023;0.035565;0.058951
08/06/2023;0.038127;0.063198
09/06/2023;0.024865;0.041216
10/06/2023;0.011604;0.019234
11/06/2023;0.018385;0.030475
12/06/2023;0.035339;0.058577
13/06/2023;0.022906;0.037969
14/06/2023;0.034812;0.057702
16/06/2023;0.028934;0.047960
17/06/2023;0.017557;0.029101
18/06/2023;0.013638;0.022606
19/06/2023;0.028256;0.046836
20/06/2023;0.034812;0.057702
21/06/2023;0.024338;0.040342
22/06/2023;0.029160;0.048335
23/06/2023;0.045135;0.074813
24/06/2023;0.015145;0.025104
25/06/2023;0.017330;0.028726
26/06/2023;0.020345;0.033722
27/06/2023;0.023434;0.038843
28/06/2023;0.028859;0.047835
29/06/2023;0.022756;0.037719
30/06/2023;0.023735;0.039342
02/07/2023;0.013186;0.021857
03/07/2023;0.018762;0.031099
04/07/2023;0.023359;0.038718
06/07/2023;0.031647;0.052457
07/07/2023;0.029462;0.048835
08/07/2023;0.011152;0.018485
09/07/2023;0.014467;0.023980
10/07/2023;0.028859;0.047835
11/07/2023;0.035038;0.058077
12/07/2023;0.025845;0.042840
13/07/2023;0.030065;0.049834
14/07/2023;0.024338;0.040342
15/07/2023;0.013940;0.023106
16/07/2023;0.014090;0.023356
17/07/2023;0.026523;0.043964
18/07/2023;0.027955;0.046337
19/07/2023;0.023283;0.038593
20/07/2023;0.017783;0.029476
21/07/2023;0.032853;0.054455
22/07/2023;0.013186;0.021857
23/07/2023;0.010624;0.017610
24/07/2023;0.023660;0.039218
25/07/2023;0.027277;0.045213
26/07/2023;0.030065;0.049834
27/07/2023;0.016878;0.027977
28/07/2023;0.033681;0.055829
29/07/2023;0.012282;0.020358
30/07/2023;0.013337;0.022107
31/07/2023;0.024489;0.040591
01/08/2023;0.025242;0.041840
02/08/2023;0.025996;0.043089
03/08/2023;0.026900;0.044588
05/08/2023;0.012885;0.021357
06/08/2023;0.013563;0.022481
07/08/2023;0.038881;0.064447
08/08/2023;0.025167;0.041715
09/08/2023;0.034284;0.056828
10/08/2023;0.023208;0.038468
11/08/2023;0.030215;0.050084
12/08/2023;0.011152;0.018485
17/08/2023;0.022454;0.037219
18/08/2023;0.033757;0.055954
20/08/2023;0.013864;0.022981
21/08/2023;0.022605;0.037469
22/08/2023;0.033455;0.055454
23/08/2023;0.021625;0.035845
24/08/2023;0.024338;0.040342
25/08/2023;0.023735;0.039342
26/08/2023;0.012433;0.020608
27/08/2023;0.016426;0.027227
28/08/2023;0.020345;0.033722
29/08/2023;0.027729;0.045962
30/08/2023;0.020345;0.033722
31/08/2023;0.019365;0.032098
01/09/2023;0.034435;0.057078
02/09/2023;0.018988;0.031474
03/09/2023;0.013789;0.022856
04/09/2023;0.035264;0.058452
05/09/2023;0.032551;0.053955
06/09/2023;0.033681;0.055829
07/09/2023;0.022756;0.037719
08/09/2023;0.027503;0.045587
09/09/2023;0.015974;0.026478
10/09/2023;0.016426;0.027227
11/09/2023;0.032024;0.053081
12/09/2023;0.037072;0.061449
13/09/2023;0.028558;0.047336
14/09/2023;0.030517;0.050583
15/09/2023;0.027503;0.045587
16/09/2023;0.012809;0.021232
17/09/2023;0.018159;0.030100
18/09/2023;0.040162;0.066570
19/09/2023;0.031346;0.051957
20/09/2023;0.018762;0.031099
21/09/2023;0.027427;0.045462
22/09/2023;0.033681;0.055829
23/09/2023;0.015899;0.026353
24/09/2023;0.020118;0.033347
25/09/2023;0.030667;0.050833
26/09/2023;0.037901;0.062823
27/09/2023;0.025393;0.042090
28/09/2023;0.039935;0.066195
29/09/2023;0.033606;0.055704
30/09/2023;0.014844;0.024605
01/10/2023;0.010248;0.016986
02/10/2023;0.021475;0.035596
03/10/2023;0.028784;0.047711
04/10/2023;0.036620;0.060700
05/10/2023;0.035188;0.058327
06/10/2023;0.037374;0.061949
07/10/2023;0.012659;0.020983
08/10/2023;0.013638;0.022606
09/10/2023;0.025167;0.041715
10/10/2023;0.024639;0.040841
11/10/2023;0.025619;0.042465
12/10/2023;0.031496;0.052207
13/10/2023;0.026900;0.044588
14/10/2023;0.012433;0.020608
15/10/2023;0.013940;0.023106
16/10/2023;0.027729;0.045962
18/10/2023;0.018385;0.030475
19/10/2023;0.022078;0.036595
20/10/2023;0.025167;0.041715
21/10/2023;0.009117;0.015113
22/10/2023;0.008364;0.013864
23/10/2023;0.016577;0.027477
24/10/2023;0.024865;0.041216
25/10/2023;0.023961;0.039717
26/10/2023;0.022304;0.036969
27/10/2023;0.034812;0.057702
28/10/2023;0.011679;0.019359
29/10/2023;0.013940;0.023106
30/10/2023;0.022153;0.036720
31/10/2023;0.036545;0.060575
01/11/2023;0.019968;0.033098
02/11/2023;0.019968;0.033098
03/11/2023;0.020043;0.033223
04/11/2023;0.020043;0.033223
05/11/2023;0.020043;0.033223
06/11/2023;0.028407;0.047086
07/11/2023;0.032174;0.053331
08/11/2023;0.035113;0.058202
09/11/2023;0.025619;0.042465
10/11/2023;0.027051;0.044838
11/11/2023;0.012056;0.019983
12/11/2023;0.015597;0.025854
13/11/2023;0.024715;0.040966
14/11/2023;0.022153;0.036720
15/11/2023;0.025920;0.042964
16/11/2023;0.033305;0.055204
17/11/2023;0.026900;0.044588
18/11/2023;0.015447;0.025604
19/11/2023;0.014543;0.024105
20/11/2023;0.025468;0.042215
21/11/2023;0.022982;0.038093
22/11/2023;0.028633;0.047461
23/11/2023;0.030592;0.050708
24/11/2023;0.034736;0.057577
25/11/2023;0.011905;0.019734
26/11/2023;0.010926;0.018110
27/11/2023;0.022530;0.037344
28/11/2023;0.035339;0.058577
29/11/2023;0.034435;0.057078
30/11/2023;0.040086;0.066445
01/12/2023;0.031798;0.052706
02/12/2023;0.016426;0.027227
03/12/2023;0.024865;0.041216
04/12/2023;0.033380;0.055329
05/12/2023;0.033983;0.056328
07/12/2023;0.034661;0.057452
08/12/2023;0.035264;0.058452
09/12/2023;0.015748;0.026103
10/12/2023;0.014919;0.024730
11/12/2023;0.027427;0.045462
12/12/2023;0.029085;0.048210
13/12/2023;0.032174;0.053331
14/12/2023;0.041292;0.068443
16/12/2023;0.015899;0.026353
17/12/2023;0.008590;0.014238
18/12/2023;0.027352;0.045338
19/12/2023;0.030743;0.050958
20/12/2023;0.020194;0.033472
21/12/2023;0.032476;0.053830
22/12/2023;0.031270;0.051832
23/12/2023;0.017180;0.028476
24/12/2023;0.013186;0.021857
25/12/2023;0.026297;0.043589
26/12/2023;0.023434;0.038843
28/12/2023;0.027653;0.045837
29/12/2023;0.022002;0.036470
30/12/2023;0.014844;0.024605
02/01/2024;0.029659;0.049530
03/01/2024;0.032859;0.054874
04/01/2024;0.036059;0.060219
05/01/2024;0.029815;0.049791
06/01/2024;0.023493;0.039233
07/01/2024;0.022634;0.037800
08/01/2024;0.036137;0.060349
09/01/2024;0.046284;0.077293
10/01/2024;0.041367;0.069082
11/01/2024;0.036527;0.061001
12/01/2024;0.040274;0.067257
13/01/2024;0.020137;0.033629
14/01/2024;0.020761;0.034671
15/01/2024;0.037620;0.062825
16/01/2024;0.033405;0.055787
17/01/2024;0.029113;0.048618
19/01/2024;0.039025;0.065172
20/01/2024;0.018810;0.031413
21/01/2024;0.012410;0.020725
23/01/2024;0.028020;0.046793
24/01/2024;0.031220;0.052137
26/01/2024;0.033640;0.056178
27/01/2024;0.016234;0.027111
28/01/2024;0.024196;0.040406
29/01/2024;0.032235;0.053832
30/01/2024;0.039493;0.065954
31/01/2024;0.031064;0.051877
01/02/2024;0.035513;0.059306
02/02/2024;0.026537;0.044317
03/02/2024;0.017561;0.029327
04/02/2024;0.020761;0.034671
05/02/2024;0.045737;0.076381
06/02/2024;0.048625;0.081204
07/02/2024;0.038323;0.063998
08/02/2024;0.042928;0.071689
09/02/2024;0.037308;0.062304
10/02/2024;0.023727;0.039624
11/02/2024;0.017171;0.028675
12/02/2024;0.039571;0.066084
13/02/2024;0.040508;0.067648
14/02/2024;0.028879;0.048227
15/02/2024;0.034420;0.057481
16/02/2024;0.025054;0.041840
17/02/2024;0.015688;0.026199
18/02/2024;0.016078;0.026851
19/02/2024;0.043552;0.072731
20/02/2024;0.033249;0.055526
21/02/2024;0.031532;0.052659
22/02/2024;0.044879;0.074947
23/02/2024;0.033874;0.056569
24/02/2024;0.017171;0.028675
25/02/2024;0.016859;0.028154
26/02/2024;0.043942;0.073383
28/02/2024;0.031142;0.052007
29/02/2024;0.037074;0.061913
01/03/2024;0.028254;0.047184
02/03/2024;0.019512;0.032586
03/03/2024;0.040040;0.066866
04/03/2024;0.060567;0.101146
05/03/2024;0.060723;0.101407
06/03/2024;0.053698;0.089676
07/03/2024;0.050576;0.084462
08/03/2024;0.036059;0.060219
10/03/2024;0.021464;0.035844
11/03/2024;0.065016;0.108576
12/03/2024;0.061972;0.103492
13/03/2024;0.056508;0.094368
14/03/2024;0.050108;0.083680
15/03/2024;0.044254;0.073905
16/03/2024;0.023493;0.039233
17/03/2024;0.029269;0.048879
18/03/2024;0.041601;0.069473
19/03/2024;0.044254;0.073905
20/03/2024;0.047689;0.079640
21/03/2024;0.057679;0.096324
22/03/2024;0.059630;0.099582
23/03/2024;0.028879;0.048227
24/03/2024;0.024742;0.041319
25/03/2024;0.039649;0.066214
26/03/2024;0.054635;0.091240
27/03/2024;0.045425;0.075860
28/03/2024;0.051279;0.085635
29/03/2024;0.057133;0.095411
30/03/2024;0.032079;0.053571
31/03/2024;0.027942;0.046663
01/04/2024;0.035591;0.059436
03/04/2024;0.040508;0.067648
04/04/2024;0.046284;0.077293
05/04/2024;0.041991;0.070125
06/04/2024;0.018498;0.030891
07/04/2024;0.018966;0.031673
08/04/2024;0.026693;0.044577
09/04/2024;0.034498;0.057612
10/04/2024;0.032625;0.054483
11/04/2024;0.030752;0.051355
12/04/2024;0.038713;0.064650
13/04/2024;0.017483;0.029197
14/04/2024;0.029035;0.048488
15/04/2024;0.040664;0.067909
16/04/2024;0.036293;0.060610
17/04/2024;0.040664;0.067909
18/04/2024;0.034264;0.057221
19/04/2024;0.034264;0.057221
20/04/2024;0.017093;0.028545
21/04/2024;0.021698;0.036235
22/04/2024;0.034108;0.056960
23/04/2024;0.036762;0.061392
24/04/2024;0.048469;0.080943
25/04/2024;0.042849;0.071558
26/04/2024;0.043630;0.072862
27/04/2024;0.019200;0.032064
28/04/2024;0.017483;0.029197
30/04/2024;0.039493;0.065954
01/05/2024;0.038947;0.065041
02/05/2024;0.030518;0.050964
06/05/2024;0.036996;0.061783
07/05/2024;0.038166;0.063738
08/05/2024;0.039337;0.065693
09/05/2024;0.040508;0.067648
10/05/2024;0.030283;0.050573
11/05/2024;0.014986;0.025026
12/05/2024;0.029659;0.049530
13/05/2024;0.044332;0.074035
14/05/2024;0.040586;0.067778
15/05/2024;0.037464;0.062565
16/05/2024;0.046674;0.077945
17/05/2024;0.038245;0.063868
18/05/2024;0.017951;0.029979
19/05/2024;0.015454;0.025808
20/05/2024;0.042069;0.070255
21/05/2024;0.036527;0.061001
22/05/2024;0.040430;0.067518
23/05/2024;0.032235;0.053832
24/05/2024;0.036449;0.060870
25/05/2024;0.023649;0.039494
26/05/2024;0.019591;0.032716
27/05/2024;0.044254;0.073905
28/05/2024;0.036371;0.060740
29/05/2024;0.031610;0.052789
30/05/2024;0.034342;0.057351
31/05/2024;0.027942;0.046663
01/06/2024;0.021152;0.035323
02/06/2024;0.018108;0.030240
03/06/2024;0.039727;0.066345
04/06/2024;0.034888;0.058263
05/06/2024;0.041054;0.068560
06/06/2024;0.039103;0.065302
07/06/2024;0.037152;0.062043
08/06/2024;0.021230;0.035453
09/06/2024;0.025210;0.042101
10/06/2024;0.044801;0.074817
11/06/2024;0.035825;0.059828
12/06/2024;0.044567;0.074426
13/06/2024;0.041210;0.068821
14/06/2024;0.027239;0.045490
15/06/2024;0.022322;0.037278
16/06/2024;0.017327;0.028936
17/06/2024;0.036371;0.060740
18/06/2024;0.055337;0.092413
19/06/2024;0.038010;0.063477
20/06/2024;0.035123;0.058654
21/06/2024;0.047923;0.080031
23/06/2024;0.017951;0.029979
24/06/2024;0.053776;0.089806
25/06/2024;0.029191;0.048748
26/06/2024;0.050420;0.084202
28/06/2024;0.040508;0.067648
29/06/2024;0.018732;0.031282
01/07/2024;0.043630;0.072862
03/07/2024;0.040508;0.067648
04/07/2024;0.040586;0.067778
05/07/2024;0.033327;0.055657
06/07/2024;0.022791;0.038060
07/07/2024;0.015298;0.025547
08/07/2024;0.038401;0.064129
09/07/2024;0.028566;0.047706
10/07/2024;0.037620;0.062825
11/07/2024;0.024742;0.041319
12/07/2024;0.033249;0.055526
13/07/2024;0.016469;0.027502
14/07/2024;0.020839;0.034802
15/07/2024;0.040820;0.068169
16/07/2024;0.040664;0.067909
17/07/2024;0.044723;0.074687
18/07/2024;0.038791;0.064781
19/07/2024;0.037464;0.062565
20/07/2024;0.018576;0.031022
21/07/2024;0.020683;0.034541
22/07/2024;0.033249;0.055526
23/07/2024;0.045815;0.076511
24/07/2024;0.030674;0.051225
25/07/2024;0.046518;0.077685
26/07/2024;0.027630;0.046141
27/07/2024;0.018030;0.030109
28/07/2024;0.021698;0.036235
29/07/2024;0.032859;0.054874
30/07/2024;0.027161;0.045359
31/07/2024;0.041132;0.068691
01/08/2024;0.028176;0.047054
02/08/2024;0.040040;0.066866
03/08/2024;0.021542;0.035975
04/08/2024;0.021308;0.035584
05/08/2024;0.039025;0.065172
06/08/2024;0.034810;0.058133
07/08/2024;0.030986;0.051746
08/08/2024;0.035747;0.059697
09/08/2024;0.038401;0.064129
10/08/2024;0.019747;0.032977
11/08/2024;0.019122;0.031934
12/08/2024;0.039727;0.066345
16/08/2024;0.023415;0.039103
17/08/2024;0.017483;0.029197
18/08/2024;0.019747;0.032977
19/08/2024;0.043552;0.072731
20/08/2024;0.033796;0.056439
21/08/2024;0.041913;0.069994
22/08/2024;0.033093;0.055265
23/08/2024;0.032001;0.053441
24/08/2024;0.013971;0.023331
25/08/2024;0.025757;0.043013
26/08/2024;0.040664;0.067909
27/08/2024;0.028332;0.047315
28/08/2024;0.036293;0.060610
29/08/2024;0.044254;0.073905
30/08/2024;0.039025;0.065172
31/08/2024;0.015298;0.025547
01/09/2024;0.027942;0.046663
02/09/2024;0.050030;0.083550
03/09/2024;0.048781;0.081464
04/09/2024;0.043162;0.072080
05/09/2024;0.065796;0.109879
06/09/2024;0.045815;0.076511
07/09/2024;0.023883;0.039885
08/09/2024;0.033952;0.056699
09/09/2024;0.048547;0.081073
10/09/2024;0.063142;0.105448
11/09/2024;0.045503;0.075990
12/09/2024;0.043786;0.073123
13/09/2024;0.060723;0.101407
14/09/2024;0.016234;0.027111
15/09/2024;0.019434;0.032455
16/09/2024;0.063689;0.106360
17/09/2024;0.057523;0.096063
18/09/2024;0.051357;0.085766
19/09/2024;0.039806;0.066475
20/09/2024;0.034576;0.057742
21/09/2024;0.029347;0.049009
22/09/2024;0.029659;0.049530
23/09/2024;0.066655;0.111313
24/09/2024;0.054713;0.091371
25/09/2024;0.069308;0.115745
26/09/2024;0.050967;0.085114
27/09/2024;0.049328;0.082377
28/09/2024;0.027396;0.045750
29/09/2024;0.029581;0.049400
30/09/2024;0.052215;0.087200
01/10/2024;0.049562;0.082768
02/10/2024;0.047376;0.079118
03/10/2024;0.032079;0.053571
04/10/2024;0.029035;0.048488
05/10/2024;0.028176;0.047054
06/10/2024;0.023493;0.039233
08/10/2024;0.039962;0.066736
09/10/2024;0.040118;0.066996
10/10/2024;0.041054;0.068560
11/10/2024;0.038010;0.063477
13/10/2024;0.017483;0.029197
15/10/2024;0.042537;0.071037
16/10/2024;0.036840;0.061522
17/10/2024;0.031220;0.052137
18/10/2024;0.025522;0.042622
19/10/2024;0.014283;0.023853
20/10/2024;0.023259;0.038842
21/10/2024;0.028722;0.047966
22/10/2024;0.047923;0.080031
23/10/2024;0.040976;0.068430
24/10/2024;0.026927;0.044968
25/10/2024;0.047845;0.079900
26/10/2024;0.023493;0.039233
27/10/2024;0.021230;0.035453
28/10/2024;0.038947;0.065041
29/10/2024;0.041367;0.069082
30/10/2024;0.031376;0.052398
31/10/2024;0.035825;0.059828
01/11/2024;0.034888;0.058263
02/11/2024;0.024508;0.040928
03/11/2024;0.036684;0.061261
04/11/2024;0.048937;0.081725
05/11/2024;0.054323;0.090719
06/11/2024;0.033874;0.056569
07/11/2024;0.048079;0.080291
08/11/2024;0.038010;0.063477
09/11/2024;0.021620;0.036105
10/11/2024;0.020449;0.034150
11/11/2024;0.031844;0.053180
12/11/2024;0.036371;0.060740
13/11/2024;0.033718;0.056308
14/11/2024;0.037542;0.062695
15/11/2024;0.036840;0.061522
16/11/2024;0.019356;0.032325
17/11/2024;0.023805;0.039755
18/11/2024;0.031376;0.052398
19/11/2024;0.045503;0.075990
20/11/2024;0.037854;0.063216
21/11/2024;0.039259;0.065563
22/11/2024;0.052528;0.087721
23/11/2024;0.020839;0.034802
24/11/2024;0.022791;0.038060
25/11/2024;0.046752;0.078076
26/11/2024;0.038479;0.064259
27/11/2024;0.037698;0.062956
28/11/2024;0.036918;0.061652
29/11/2024;0.035669;0.059567
30/11/2024;0.023961;0.040015
01/12/2024;0.018264;0.030500
02/12/2024;0.046362;0.077424
03/12/2024;0.050030;0.083550
04/12/2024;0.038479;0.064259
05/12/2024;0.034966;0.058394
06/12/2024;0.044410;0.074165
07/12/2024;0.033249;0.055526
08/12/2024;0.022088;0.036887
09/12/2024;0.038323;0.063998
10/12/2024;0.037152;0.062043
11/12/2024;0.045035;0.075208
12/12/2024;0.038323;0.063998
13/12/2024;0.039181;0.065432
15/12/2024;0.020605;0.034411
16/12/2024;0.029581;0.049400
17/12/2024;0.037308;0.062304
18/12/2024;0.044957;0.075078
19/12/2024;0.047298;0.078988
20/12/2024;0.036371;0.060740
21/12/2024;0.018420;0.030761
22/12/2024;0.029035;0.048488
23/12/2024;0.047611;0.079509
24/12/2024;0.045113;0.075338
25/12/2024;0.036684;0.061261
26/12/2024;0.043240;0.072210
27/12/2024;0.064313;0.107403
28/12/2024;0.017015;0.028415
29/12/2024;0.023181;0.038712
30/12/2024;0.043630;0.072862
